title,artist,year,playcount
Powderfinger,Neil Young,1978,2
The Word,The Beatles,1965,1
Night Prowler,AC/DC,1979,1
Tiny Dancer,Elton John,1971,51
Gimme Shelter,Rolling Stones,1969,96
Just A Gigolo / I Ain't Got Nobody,David Lee Roth,1985,8
I'm Bad I'm Nationwide,ZZ Top,1979,10
Presence of the Lord,Blind Faith,1969,1
Love Song,Tesla,1989,4
Beast Of Burden,Rolling Stones,1978,86
Day Tripper,Paul McCartney & Wings,2009,1
Cum On Feel the Noize,Quiet Riot,1973,29
New World Man,Rush,1982,7
Jungle Love,Steve Miller Band,1977,43
The Changeling,The Doors,1971,1
Shine On You Crazy Diamond,Pink Floyd,1975,2
Love Bites,Def Leppard,1987,25
Penny Lane,The Beatles,1967,3
Man On The Corner,Genesis,1981,12
Find Your Way Back,Jefferson Starship,1981,20
Talk To Ya Later,The Tubes,1981,2
No No Song,Ringo Starr,1974,3
Those Shoes,Eagles,1979,14
Shanty,Jonathan Edwards,1971,2
Cuts Like a Knife,Bryan Adams,1983,17
Fire On High,Electric Light Orchestra,1975,18
Can't You Hear Me Knocking,Rolling Stones,1971,5
Pearl Necklace,ZZ Top,1981,5
Night Flight,Led Zeppelin,1975,1
Southern Cross,Crosby Stills & Nash,1982,9
Don't Stop Believin',Journey,1981,105
Her Strut,Bob Seger,1980,29
Ticket to Ride,The Beatles,1965,4
Let the Music Do the Talking,Aerosmith,1985,1
All That You Dream,Little Feat,1975,1
Penny On The Floor,Clarks,1991,1
Hypnotized,Bob Welch,1973,2
Frankenstein,Edgar Winter Group,1972,58
A Man I'll Never Be,Boston,1978,1
Paradise By The Dashboard Light,Meat Loaf,1977,10
Down To The Waterline,Dire Straits,1978,12
The Passenger,Iggy Pop,1977,1
You Oughta Know,Alanis Morissette,1995,6
Wait For You,Bonham,1989,1
Miss You,Rolling Stones,1978,89
Are You Gonna Be My Girl,Jet,2003,1
Cry Sister,Royal Bliss,2014,6
Let's Dance,David Bowie,1983,20
Little By Little,Robert Plant,1985,8
Silly Love Songs,Paul McCartney & Wings,1976,3
Reprise / Day in the Life,The Beatles,1967,12
Spirit In The Night,Bruce Springsteen,1973,5
Dogs,Pink Floyd,1977,1
The Song Remains the Same,Led Zeppelin,1973,2
Little Bit of Sympathy,Robin Trower,1974,1
Rocket,Def Leppard,1987,15
Don't Go Away Mad (Just Go Away),Motley Crue,1989,4
Love Is Like A Rock,Donnie Iris,1981,1
Eight Miles High,The Byrds,1966,2
Monkey Bars,Coney Hatch,1982,1
The Chain,Fleetwood Mac,1977,65
No Reply At All,Genesis,1981,18
From the Beginning,Emerson Lake & Palmer,1972,1
Fool For The City,Foghat,1975,26
Ventura Highway,America,1972,1
Driven to Tears,The Police,1980,4
Mrs. Robinson,Simon & Garfunkel,1968,13
That Smell,Lynyrd Skynyrd,1977,24
Don't Tell Me You Love Me,Night Ranger,1982,2
Juke Box Hero,Foreigner,1981,75
Come Together,Aerosmith,1978,65
Over the Mountain,Ozzy Osbourne,1981,16
In Your Eyes,Peter Gabriel,1986,28
All My Love,Led Zeppelin,1979,83
AND WE DANCED,Hooters,1985,4
When You Close Your Eyes,Night Ranger,1983,1
Surrender,Cheap Trick,1978,57
Sex On Fire,Kings of Leon,2008,1
YOU GOTTA MOVE,Rolling Stones,1971,1
It Don't Come Easy,Ringo Starr,1971,5
Touch Me,The Doors,1969,45
Hotel Illness,The Black Crowes,1992,1
Road To Nowhere,Ozzy Osbourne,1991,1
Rock of Ages,Def Leppard,1983,65
Heartbreaker,Pat Benatar,1979,80
3 Strange Days,School Of Fish,1991,1
Kickstart My Heart,Motley Crue,1989,25
I Am the Walrus,The Beatles,1967,5
With a Little Luck,Paul McCartney & Wings,1978,2
Until It Sleeps,Metallica,1996,2
Photograph,Ringo Starr,1973,4
Barracuda,Heart,1977,113
Life by the Drop,Stevie Ray Vaughan,1991,1
IT'S TOO LATE,Carole King,1971,1
Wild Wild Life,Talking Heads,1986,7
A Horse With No Name,America,1972,26
Wango Tango,Ted Nugent,1980,1
Rock This Town,Stray Cats,1981,15
Blitzkrieg Bop,The Ramones,1976,17
Sara,Fleetwood Mac,1980,1
Stand,R.E.M.,1988,18
Modern Day Cowboy,Tesla,1986,3
She's Tight,Cheap Trick,1982,1
Why Can't This Be Love,Van Halen,1986,44
Sweet Emotion,Aerosmith,1975,141
Long Cool Woman,Hollies,1971,39
The Kids Are Alright,The Who,1965,2
What Is and What Should Never Be,Led Zeppelin,1969,40
The Core,Eric Clapton,1977,1
I'm A Loser,The Beatles,1964,2
Rock On,David Essex,1974,33
Empty Spaces/young Lust,Pink Floyd,1979,12
Follow You Follow Me,Genesis,1978,18
Blister In the Sun,Violent Femmes,1982,1
Tequila Sunrise,Eagles,1973,4
What It Takes,Aerosmith,1989,31
Them Bones,Alice In Chains,1992,2
Spill the Wine,The Animals,1970,3
Stone In Love,Journey,1981,32
Movin' Out (Anthony's Song),Billy Joel,1977,26
Space Oddity,David Bowie,1969,47
Europa,Santana,1977,4
Love Is Alive,Gary Wright,1975,2
The Waiting,Tom Petty & The Heartbreakers,1981,37
Squeeze Box,The Who,1975,15
Saturday Night's Alright for Fighting,Elton John,1973,34
Feelin' Alright,Joe Cocker,1969,33
Good Riddance (Time Of Your Life),Green Day,1997,10
A Saturday Club Xmas/Crimble Medley,The Beatles,2001,1
My Own Worst Enemy,Lit,1999,2
Burden in My Hand,Soundgarden,1996,1
Coming into Los Angeles,Arlo Guthrie,1969,1
If You Wanna Get to Heaven,Ozark Mountain Daredevils,1973,2
Spirit In The Sky,Norman Greenbaum,1969,31
The Fire Down Below,Bob Seger,1976,18
Everybody Knows This Is Nowhere,Neil Young,1969,1
Threshold/Jet Airliner,Steve Miller Band,1977,23
Send Her My Love,Journey,1983,1
I'll Wait,Van Halen,1984,53
Yesterday,The Beatles,1965,10
In Bloom,Nirvana,1991,11
The Dogs Of War,Pink Floyd,1987,2
Feel Your Love Tonight,Van Halen,1978,20
Misunderstanding,Genesis,1980,23
Gallows Pole,Led Zeppelin,1970,4
Black Coffee In Bed,Squeeze,1982,1
Knockin' On Heaven's Door,Guns N' Roses,1991,31
Double Vision,Foreigner,1978,83
Arnold Layne,Pink Floyd,1967,1
Another Brick in the Wall Pt. 2,Pink Floyd,1979,58
Dog On A Leash,Adelitas Way,2014,4
Rock And Roll Party In The Streets,Axe,1982,1
Again Tonight,John Mellencamp,1991,1
Closer to the Heart,Rush,1977,31
Cold As Ice,Foreigner,1977,102
Get Back,The Beatles,1969,52
Foreplay (Long Time),Boston,1976,94
One Bourbon One Scotch One Beer,George Thorogood,1977,23
She Talks To Angels,The Black Crowes,1990,44
Gypsy,Fleetwood Mac,1982,67
The Legend Of Wooley Swamp,Charlie Daniels Band,1980,1
Heart of Glass,Blondie,1978,11
Let There Be Rock,AC/DC,1977,3
Jet,Paul McCartney & Wings,1973,12
Yankee Rose,David Lee Roth,1986,8
Elderly Woman Behind the Counter in a Small Town,Pearl Jam,1993,2
Changes,Yes,1983,13
All You Need Is Love,The Beatles,1967,3
Black Mountain Side,Led Zeppelin,1969,1
Caught Up in You,.38 Special,1982,82
Seven Nation Army,The White Stripes,2003,1
Rebel Yell,Billy Idol,1984,89
IN MY LIFE,The Beatles,1965,5
Don't Do Me Like That,Tom Petty & The Heartbreakers,1979,69
Turn Me Loose,Loverboy,1980,16
Life's Been Good,Joe Walsh,1978,91
Crossfire,Stevie Ray Vaughan,1989,17
Let's Ride,Kid Rock,2012,1
House Of Living,Heartsfield,1973,1
ANYTIME AT ALL,The Beatles,1964,1
Babe I'm Gonna Leave You,Led Zeppelin,1969,24
Love the One You're With,Stephen Stills,1971,14
Refugee,Tom Petty & The Heartbreakers,1979,97
Layla,Eric Clapton,1970,0
Medusa,Trapeze,1970,1
Just Got Paid,ZZ Top,1972,2
Good Day Sunshine,The Beatles,1966,1
Neon Knights,Black Sabbath,1980,1
Honky Tonk Women,Rolling Stones,1969,87
Just A Job To Do,Genesis,1983,29
Your Song,Elton John,1970,17
No More Tears,Ozzy Osbourne,1991,8
The Sounds Of Silence,Simon & Garfunkel,1966,4
Santa Monica,Everclear,1996,2
Sweet Leaf,Black Sabbath,1971,34
Living in the U.S.A.,Steve Miller Band,1968,1
Down Under,Men At Work,1982,5
Clampdown,The Clash,1979,2
Slide It In,Whitesnake,1984,1
Time Stand Still (live),Rush,1987,1
Back In the High Life Again,Steve Winwood,1986,1
Scarlet Begonias,Grateful Dead,1974,2
Stay with Me,Rod Stewart,1971,2
Where the Streets Have No Name,U2,1987,36
Time After Time,Ozzy Osbourne,1991,2
Panic in Detroit,David Bowie,1973,1
Like A Rolling Stone,Rolling Stones,1965,1
50 Ways to Leave Your Lover,Paul Simon,1975,1
Up On Cripple Creek,The Band,1969,1
My Hero,Foo Fighters,1997,7
Best of You,Foo Fighters,2005,1
Come Sail Away,Styx,1977,93
Wish You Were Here,Pink Floyd,1975,87
Oh Well,Rockets,1979,1
Ramblin' Man,Allman Brothers Band,1973,34
Screaming In The Night,Krokus,1983,3
Signs,Five Man Electrical Band,1970,10
Man In The Box,Alice In Chains,1990,13
Better Off Without You,Clarks,2000,2
Livin' On A Prayer,Bon Jovi,1986,74
Brain Stew/Jaded,Green Day,1995,1
Plush,Stone Temple Pilots,1992,33
Used To Bad News,Boston,1978,1
Melissa,Allman Brothers Band,1972,6
When You Dance I Can Really Love,Neil Young,1979,1
Born To Be My Baby,Bon Jovi,1989,1
BAD BOY,The Beatles,1965,1
House Of The Rising Sun,The Animals,1964,18
Look What The Cat Dragged In,Poison,1986,1
Radioactive,Imagine Dragons,2012,3
Hysteria,Def Leppard,1987,24
Helter Skelter,The Beatles,1968,5
Walk On The Wild Side,Lou Reed,1972,31
Waiting for a Girl Like You,Foreigner,1981,5
Proud Mary,Creedence Clearwater Revival,1969,48
Move Over,Janis Joplin,1971,2
Rhiannon,Fleetwood Mac,1975,48
Comfortably Numb,Pink Floyd,1979,92
American Girl,Tom Petty & The Heartbreakers,1977,74
To Hell With the Devil,Stryper,1986,1
The Way It Is,Bruce Hornsby & The Range,1986,7
Only The Good Die Young,Billy Joel,1977,21
Travelin' Man,Bob Seger,1975,4
It's Late,Queen,1977,1
Blinded by the Light,Manfred Mann,1976,114
My My Hey Hey,Neil Young,1979,3
The Stroke,Billy Squier,1981,83
Whippin' Post,Allman Brothers Band,1969,6
Loser,3 Doors Down,2000,1
I'm So Glad,Cream,1966,1
Big Shot,Billy Joel,1978,27
Pinball Wizard,The Who,1969,54
Invincible,Pat Benatar,1985,1
Alison,Elvis Costello,1977,13
Goodbye Blue Sky,Pink Floyd,1979,11
In the City,Joe Walsh,1979,6
All The Kings Horses,Firm,1986,1
The Boys Of Summer,Don Henley,1985,73
China Grove,The Doobie Brothers,1973,40
Train Kept A-Rollin',Aerosmith,1974,15
Crazy,Aerosmith,1993,7
Captain Fantastic,Elton John,1975,1
Run to You,Bryan Adams,1984,42
Tush,ZZ Top,1975,109
Ziggy Stardust,David Bowie,1972,7
Feels Like the First Time,Foreigner,1977,75
Can't Get Enough,Winger,1990,1
Nothin' at All,Heart,1985,4
Lick It Up,Kiss,1983,4
Natural Thing,The Doobie Brothers,1973,1
Far Behind,Candlebox,1993,3
Strange Magic,Electric Light Orchestra,1985,5
Let's Go,The Cars,1979,73
Stay With Me,Faces,1971,19
Don't Get Me Wrong,The Pretenders,1986,10
My City Was Gone,The Pretenders,1984,18
Tales Of Brave Ulysses,Cream,1967,1
In America,Charlie Daniels Band,1980,1
Sugar Magnolia,Grateful Dead,1970,3
San Franciscan Nights,The Animals,1967,1
Don't Cry,Guns N' Roses,1991,3
Roller,April Wine,1978,1
THE BITCH IS BACK,Elton John,1974,1
Do Ya,Electric Light Orchestra,1976,27
Pink Houses,John Mellencamp,1984,34
Dreamer,Supertramp,1974,2
Jackie Blue,Ozark Mountain Daredevils,1975,2
Leather and Lace,Stevie Nicks,1981,3
Take Your Whiskey Home,Van Halen,1980,8
Brain Damage /Eclipse,Pink Floyd,1973,41
The Stake,Steve Miller Band,1977,2
Rockin' In the Free World,Neil Young,1989,38
Joe's Garage,Frank Zappa,1979,1
Fooling Yourself,Styx,1977,24
Under the Bridge,Red Hot Chili Peppers,1991,28
While My Guitar Gently Weeps,The Beatles,1968,29
Beer Drinkers & Hell Raisers,ZZ Top,1973,8
Sweet Child O' Mine,Guns N' Roses,1987,85
Thick As A Brick,Jethro Tull,1972,15
You See Me Crying,Aerosmith,1975,1
On a Plain,Nirvana,1991,2
Feels So Good,Van Halen,1988,1
Rain On The Scarecrow,John Mellencamp,1985,1
Come Out and Play,The Offspring,1994,4
Well All Right,Santana,1978,1
Questions 67 and 68,Chicago,1969,1
The Wizard,Black Sabbath,1970,1
Friday on My Mind,David Bowie,1973,1
Imagine,John Lennon,1971,31
Back in the Saddle,Aerosmith,1976,39
Turn Up the Radio,Autograph,1984,21
Too Much Time On My Hands,Styx,1981,46
Loco-Motion,Grand Funk Railroad,1974,9
Mary Jane's Last Dance,Tom Petty & The Heartbreakers,1993,51
Rocky Mountain Way,Joe Walsh,1973,70
I CAN SEE CLEARLY NOW,Johnny Nash,1972,2
Dude (Looks Like a Lady),Aerosmith,1987,42
Something's Happening/,Peter Frampton,1974,1
And She Was,Talking Heads,1985,19
About a Girl,Nirvana,1989,2
Hard To Handle,The Black Crowes,1990,83
Hypnotized,Fleetwood Mac,1973,2
Welcome to the Jungle,Guns N' Roses,1987,74
Draw The Line,Aerosmith,1977,1
Twice As Hard,The Black Crowes,1990,10
Dixie Chicken,Little Feat,1973,20
THE LAST TIME,Rolling Stones,1965,2
Crazy On You,Heart,1976,125
Hold On,Triumph,1979,1
Love Me Do,The Beatles,1962,1
House Of Fire,Alice Cooper,1989,1
The Ballad Of Billy The Kid,Billy Joel,1973,2
Sirens,Pearl Jam,2013,3
Finding My Way,Rush,1974,1
I Need to Know,Tom Petty & The Heartbreakers,1978,14
Takin' It To The Streets,The Doobie Brothers,1976,1
Girls Got Rhythm,AC/DC,1979,24
I Melt With You,Modern English,1982,15
Knockin' On Heaven's Door,Bob Dylan,1973,22
All Star,Smash Mouth,1999,2
We've Got Tonight,Wildlife,1983,4
Turn To Stone,Joe Walsh,1972,2
No Sleep Till Brooklyn,Beastie Boys,1986,3
Nobody's Fault But Mine,Led Zeppelin,1976,10
We Will Rock You/We Are The Champions,Queen,1977,89
All She Wants to Do Is Dance,Don Henley,1985,10
Polly,Nirvana,1991,2
Metal Health,Quiet Riot,1983,4
Fantasy,Aldo Nova,1982,4
Just My Imagination,Rolling Stones,1978,1
Everlong,Foo Fighters,1997,6
Rock & Roll Band,Boston,1976,59
Let's Get It Up,AC/DC,2013,4
Dream Weaver,Gary Wright,1975,9
Light My Fire,The Doors,1967,49
Breadfan,Metallica,1998,2
Crossroads,Cream,1968,22
Coming Home,Cinderella,1988,1
Can't Get Enough,Bad Company,1974,41
Bullet the Blue Sky,U2,1987,5
Too Many People,Paul McCartney & Linda McCartney,1971,1
Us and Them,Pink Floyd,1973,25
Lovely Rita,The Beatles,1967,2
Under My Wheels,Alice Cooper,1971,18
Sun King,The Beatles,1969,1
One Thing Leads To Another,The Fixx,1983,22
New Girl Now,Honeymoon Suite,1984,2
Lightning Bolt,Pearl Jam,2013,4
D'Yer Mak'er,Led Zeppelin,1973,88
Ramble On,Led Zeppelin,1969,90
Do You Remember Rock 'n' Roll Radio,The Ramones,1980,16
Come Together,The Beatles,1969,69
Crosstown Traffic,Jimi Hendrix,1968,8
Cry For A Shadow,The Beatles,1961,1
Tonight She Comes,The Cars,1985,18
Beginnings,Chicago,1969,1
Veronica,Elvis Costello,1989,8
Time,Pink Floyd,1973,74
Stealin',Uriah Heep,1973,2
The Grand Illusion,Styx,1977,14
Once In A Lifetime,Talking Heads,1980,46
Turn To Stone,Electric Light Orchestra,1978,5
Intruder/ Pretty Woman,Van Halen,2016,10
(You Can Still) Rock in America,Night Ranger,1983,3
Smokin',Boston,1976,33
Nineteen Hundred and Eighty Five,Paul McCartney & Wings,1974,4
Even the Losers,Tom Petty & The Heartbreakers,1979,10
Bitch,Rolling Stones,1971,5
Cult Of Personality,Living Colour,1988,12
Bennie And The Jets,Elton John,1973,62
Fashion,David Bowie,1980,17
Time/Gig in The Sky,Pink Floyd,1973,1
MLK/Pride,U2,1984,5
One Love,Bob Marley,1977,2
Fool In the Rain,Led Zeppelin,1979,69
Arrested For Driving While Blind,ZZ Top,1976,1
Key To The Rhyme,Lake,1976,1
Life in the Fast Lane,Eagles,1976,86
Back In Black,AC/DC,1980,97
I've Seen All Good People,Yes,1971,34
P.s. I Love You,The Beatles,1962,1
If 6 Was 9,Jimi Hendrix,1967,1
SHE'S ALWAYS A WOMAN,Billy Joel,1977,1
Empty Pages,Traffic,1970,2
What Do You Do For Money Honey,AC/DC,1980,2
This Is The Time,Nothing More,2014,3
Dancing In the Street,Van Halen,1982,57
Too Hot To Handle,UFO,1977,19
Southbound,Allman Brothers Band,1973,2
Jessie's Girl,Rick Springfield,1981,2
Your're Sixteen,Ringo Starr,1974,2
Learn To Fly,Foo Fighters,1999,10
Looking For A Love,J. Geils Band,1971,1
Big Ten Inch,Aerosmith,1975,3
Maggie May,Rod Stewart,1971,49
Take Me In Your Arms,The Doobie Brothers,1975,13
Hello Goodbye,The Beatles,1967,26
Hold On Loosely,.38 Special,1981,85
W*O*L*D*,Harry Chapin,1974,1
JUST YOU AND ME,Chicago,1973,1
Southern Man,Neil Young,1970,16
When Love Comes to Town,U2,1988,1
Everybody Wants Some!!,Van Halen,1980,16
Woman,Legs Diamond,1977,2
Big Gun,AC/DC,1993,6
I'll Fall In Love Again,Sammy Hagar,1982,3
Dear Prudence,The Beatles,1968,1
AIN'T NO SUNSHINE,Bill Withers,1971,1
Livin' On the Fault Line,The Doobie Brothers,1977,1
Back Door Man,The Doors,1967,4
Start Me Up,Rolling Stones,1981,83
Born To Run,Bruce Springsteen,1975,31
What It's Like,Everlast,1999,4
A Face In The Crowd,Tom Petty & The Heartbreakers,1989,1
Got To Get You Into My Life,The Beatles,1966,5
Dazed and Confused,Led Zeppelin,1969,15
Peace Frog,The Doors,1970,9
Like a Stone,Audioslave,2002,1
Smooth,Santana,1999,2
Every Rose Has Its Thorn,Poison,1988,22
Don't You,Simple Minds,1985,44
THESE ARE THE DAYS OF OUR LI,Queen,1991,1
Scenes From An Italian Restaurant,Billy Joel,1977,3
Angel Of Harlem,U2,1988,1
If I Say,Kingofthehill,1991,1
Norwegian Wood,The Beatles,1965,1
Round and Round,Ratt,1984,48
Some Kind of Wonderful,Grand Funk Railroad,1975,14
I CAN'T EXPLAIN,The Who,1965,1
The Kid Is Hot Tonite,Loverboy,1980,2
Green Grass & High Tides,The Outlaws,1975,1
Wasted Years,Iron Maiden,1986,8
#9 Dream,John Lennon,1974,2
We Just Disagree,Dave Mason,1977,1
Big Time,Peter Gabriel,1986,24
Heartless,Heart,1977,3
Brown Eyed Girl,Van Morrison,1967,55
Reelin' in the Years,Steely Dan,1972,40
Mistral Wind,Heart,1978,1
Show Don't Tell,Rush,1989,2
Love Reign O'er Me,The Who,1973,18
I'm the One,Van Halen,1978,4
Willie and the Hand Jive,Eric Clapton,1974,1
Never,Heart,1985,3
We've Got Tonite,Bob Seger,1978,1
Deacon Blues,Steely Dan,1977,1
Message In A Bottle,The Police,1979,86
Come to Poppa,Bob Seger,1976,4
Turn The Page,Bob Seger,1973,91
Hey You,Clarks,2002,1
Monkey Man,Rolling Stones,1969,4
True Fine Love,Steve Miller Band,1977,1
Goodbye Daughters of the Revolution,The Black Crowes,2008,1
Every Little Thing She Does Is Magic,The Police,1981,60
Thank You,Led Zeppelin,1969,8
The Logical Song,Supertramp,1979,76
Oye Como Va,Santana,1970,37
WAITIN' FOR THE BUS/JESUS JUST LEFT CHICAGO,ZZ Top,1973,2
Why Don't We Get Drunk,Jimmy Buffett,1973,2
Friend Of The Devil,Grateful Dead,1970,2
Sugar Mountain,Neil Young,1969,2
Badge,Cream,1969,13
We're Not Gonna Take It,The Who,1969,3
All Night Long,Joe Walsh,1980,41
Swingtown,Steve Miller Band,1977,58
Don't Ask Me Why,Billy Joel,1980,2
Highway Song,Blackfoot,1979,17
Jackie Wilson Said,Van Morrison,1972,1
Under Pressure,Queen / David Bowie,1981,73
Gold On The Ceiling,The Black Keys,2011,3
Simple Man,Junkyard,1989,1
Life Is a Highway,Tom Cochrane,1992,10
My Michelle,Guns N' Roses,1987,1
I'll Follow The Sun,The Beatles,1964,1
Hey Jude,The Beatles,1968,22
Kodachrome,Paul Simon,1973,2
She's Waiting,Eric Clapton,1985,3
Burn,Deep Purple,1974,1
Evil Ways,Santana,1969,37
Desire,U2,1988,13
Jaded,Aerosmith,2001,1
No Turning Back,Sherbs,1980,1
Jane Says,Jane's Addiction,1988,1
Walk of Life,Dire Straits,1985,15
Romeo And Juliet,Dire Straits,1980,8
The Unforgiven,Metallica,1991,19
No Sugar Tonight / New Mother Nature,Guess Who,1970,11
Invisible Sun,The Police,1981,2
Machinehead,Bush,1994,3
Evil Woman,Electric Light Orchestra,1975,42
All My Loving,The Beatles,1963,4
Let's Get the Show on the Road,Michael Stanley,1973,1
Same Ol' Situation,Motley Crue,1989,4
Bad,U2,1984,5
Spirits In The Material World,The Police,1981,19
Feeling That Way,Journey,1978,13
Give It To Me,J. Geils Band,1973,28
Summer In the City,The Lovin' Spoonful,1966,2
The Great Gig In the Sky,Pink Floyd,1973,4
Up Around the Bend,Creedence Clearwater Revival,1970,10
U.S. Blues,Grateful Dead,1974,2
Can't Stand Losing You,The Police,1978,6
Renegade,Styx,1978,116
We're Not Gonna Take It,Twisted Sister,1984,39
Boulevard Of Broken Dreams,Green Day,2004,6
Couldn't Stand the Weather,Stevie Ray Vaughan,1984,5
We Can Work It Out,The Beatles,1965,18
Rice Pudding,Jeff Beck,1969,1
Don't Let Me Be Misunderstood,Animals II,1965,1
I'm So Afraid,Fleetwood Mac,1975,1
Loves Me Like a Rock,Paul Simon,1973,1
Into the Great Wide Open,Tom Petty & The Heartbreakers,1991,8
Rock 'n' Roll High School,The Ramones,1979,3
Do You Feel Like We Do,Peter Frampton,1973,37
The Logical Song,Roger Hodgson,1979,1
Moby Dick,Led Zeppelin,1969,5
Delaware Slide,George Thorogood,1977,1
Counting Blue Cars,Dishwalla,1995,3
Cruisin',Michael Nesmith,1979,1
Panama,Van Halen,1984,89
Sweet Home Alabama,Lynyrd Skynyrd,1974,95
Devil With the Blue Dress On,Mitch Ryder,1966,1
One Vision,Queen,1985,1
Kashmir,Led Zeppelin,1975,64
Spill the Wine,War,1970,2
Abracadabra,Steve Miller Band,1982,18
China Girl,David Bowie,1983,5
Hey Joe,Jimi Hendrix,1966,51
Superstition [Live],Stevie Ray Vaughan,1986,1
Time of the Season,Zombies,1968,14
Wishing Well,Free,1973,1
Space Truckin',Deep Purple,1972,22
A Trick of the Tail,Genesis,1976,1
Birthday,The Beatles,1969,12
The Boys Are Back In Town,Thin Lizzy,1976,106
Roll On Down The Highway,Bachman-Turner Overdrive,1974,5
Cocaine,Eric Clapton,1977,84
Gone Gone Gone,Bad Company,1979,25
Rockaway Beach,The Ramones,1977,1
Honky Cat,Elton John,1972,2
Faithfully,Journey,1983,14
Big City Nights,Scorpions,1984,10
Bullet With Butterfly Wings,Smashing Pumpkins,1995,1
I'm a Man,Chicago,1969,1
Jessica,Allman Brothers Band,1973,12
Times Like These,Foo Fighters,2002,1
Down On the Corner,Creedence Clearwater Revival,1969,30
Movin' On,Bad Company,1974,17
Goodbye Yellow Brick Road,Elton John,1973,27
The River,Clarks,1980,5
Point of Know Return,Kansas,1977,30
Statesboro Blues,Allman Brothers Band,1971,4
Take On Me,a-ha,1985,1
I Want A New Drug,Huey Lewis & The News,1983,4
Driver's Seat,Sniff 'n' the Tears,1978,7
Brown Sugar,Rolling Stones,1971,37
House Of Pain,Faster Pussycat,1990,1
On The Loose,Saga,1981,1
Lawyers Guns and Money,Warren Zevon,1978,3
Let It Rain,Eric Clapton,1970,24
Manic Depression,Jimi Hendrix,1967,7
I Don't Believe In Love,Queensryche,1988,23
Dust In The Wind,Kansas,1977,62
American Woman,Lenny Kravitz,1998,4
Baby Come Back,Billy Rankin,1983,1
Baker Street,Gerry Rafferty,1978,16
The Boys Are Back In Town,Everclear,1999,1
Wanted Dead or Alive,Bon Jovi,1986,87
Mother's Little Helper,Rolling Stones,1966,6
Maxwell's Silver Hammer,The Beatles,1969,2
Summertime Blues,Rush,2004,1
T.N.T.,AC/DC,1975,66
It's Still Rock And Roll To Me,Billy Joel,1980,22
South California Purples,Chicago,1969,1
Blue Letter,Fleetwood Mac,1975,1
You Took The Words Right Out Of My Mouth,Meat Loaf,1977,9
Bridge of Sighs,Robin Trower,1974,3
Gypsy Road,Cinderella,1988,1
(You Gotta) Fight for Your Right (To Party),Beastie Boys,1986,4
Hotel California,Eagles,1976,109
Never Going Back Again,Fleetwood Mac,1977,1
Still Loving You,Scorpions,1984,9
Boulevard,Jackson Browne,1980,5
Rock Me Tonight,Billy Squier,1984,1
Ride the Tiger,Jefferson Starship,1974,1
Diamonds And Rust,Judas Priest,1977,1
Bad Case Of Lovin' You,Robert Palmer,1979,42
The Fever,Southside Johnny,1976,1
Run Through the Jungle,Creedence Clearwater Revival,1970,14
The Zoo,Scorpions,1980,16
Sorry,Buckcherry,2007,1
Keep On Loving You,REO Speedwagon,1980,23
I Just Want To Make Love To You,Foghat,1972,25
Beautiful Day,U2,2000,7
Tangled Up In Blue,Bob Dylan,1975,5
Shakedown Street,Grateful Dead,1978,2
Sgt. Pepper Inner Groove,The Beatles,1967,2
Teacher,Jethro Tull,1972,17
Rosewood Bitters,Michael Stanley,1972,1
TV Dinners,ZZ Top,1983,1
Runaway,Bon Jovi,1984,41
Shakin' All Over,The Who,1967,1
Set The Controls For The Heart Of The Sun,Pink Floyd,1968,1
Stop Draggin' My Heart Around,Stevie Nicks,1981,7
Livin' On The Edge,Aerosmith,1993,27
YOU GOT THE SILVER,Rolling Stones,1969,1
Isn't It Time,The Babys,1977,1
Cold Gin,Kiss,1973,2
Not for You,Pearl Jam,1994,1
Boogie With Stu,Led Zeppelin,1975,4
You Better Run,Pat Benatar,1980,1
(Don't Fear) The Reaper,Blue Oyster Cult,1976,99
Still the Same,Bob Seger,1978,15
Something To Believe In,Poison,1990,1
Bad Company,Bad Company,1974,96
Ramblin' Gamblin' Man,Bob Seger,1968,12
Baba O'Reilly,The Who,1971,85
Live and Let Die,Paul McCartney & Wings,1973,85
Can't Find My Way Home,Blind Faith,1969,4
Brain Damage,Pink Floyd,1973,21
Rain In the Summertime,The Alarm (IRS),1987,2
Watching the Wheels,John Lennon,1980,14
Don't Think Twice It's Alright,Eric Clapton,1993,1
So Lonely,The Police,1978,3
Crimson And Clover,Joan Jett,1981,6
Commotion,Creedence Clearwater Revival,1969,1
Simple Man,Lynyrd Skynyrd,1973,47
Tired of Waiting,The Kinks,1965,1
Silver Blue And Gold,Bad Company,1976,11
Take Me to the Pilot,Elton John,1970,1
I Need A Lover,John Mellencamp,1978,24
All The Girls Love Alice,Elton John,1973,1
Summer Song,Joe Satriani,1992,4
The Best of My Love,Eagles,1974,4
Feel Like a Number,Bob Seger,1978,6
Don't Bring Me Down,The Animals,1966,1
Street Fighting Man,Rolling Stones,1968,8
Gimme Three Steps,Lynyrd Skynyrd,1973,47
Whiskey In The Jar,Metallica,1998,1
La Grange,ZZ Top,1973,111
Cool The Engines,Boston,1986,4
Don't Let The Sun Go Down On Me,Elton John,1974,1
Longview,Green Day,1994,2
Fearless,Pink Floyd,1971,17
Come Dancing,The Kinks,1983,1
In The Mood,Robert Plant,1983,26
Bell Bottom Blues,Derek & The Dominos,1970,4
Won't Get Fooled Again,The Who,1971,56
Long Haired Country Boy,Charlie Daniels Band,1975,5
R.O.C.K. In the U.S.A.,John Mellencamp,1985,4
Rocky Raccoon,The Beatles,1968,3
The Ballad Of Curtis Loew,Lynyrd Skynyrd,1974,8
November Rain,Guns N' Roses,1991,13
Take It Easy,Eagles,1972,75
Holiday,Scorpions,1978,4
Angel,Jimi Hendrix,1971,1
Wind Of Change,Scorpions,1990,10
Lodi,Creedence Clearwater Revival,1969,5
Presence of the Lord,Blind Melon,1969,2
Lucy In The Sky With Diamonds,The Beatles,1967,20
Stranger In A Strange Land,Leon Russell,1971,1
In the Summertime,Mungo Jerry,1970,2
You Give Love A Bad Name,Bon Jovi,1986,63
Tears In Heaven,Eric Clapton,1992,1
The Final Countdown,Europe,1986,5
Destroyer,The Kinks,1981,3
You Might Think,The Cars,1984,19
Cinnamon Girl,Neil Young,1969,29
YOUR MOTHER SHOULD KNOW,The Beatles,1967,1
Just What I Needed,The Cars,1978,113
Doom And Gloom,Rolling Stones,2012,1
Soul Kitchen,The Doors,1967,15
Tube Snake Boogie,ZZ Top,1981,32
Lay It On the Line,Triumph,1979,52
Somebody Get Me A Doctor,Van Halen,1979,3
It's the End of the World As We Know It (And I Feel Fine),R.E.M.,1987,30
Back In the U.S.S.R.,The Beatles,1968,28
I Drink Alone,George Thorogood,1985,33
Rock Me,Great White,1987,4
That's All,Genesis,1983,35
Children Of The Sun,Billy Thorpe,1979,2
The Long Run,Eagles,1979,50
My Life,Billy Joel,1978,11
Wheels Of Fortune,The Doobie Brothers,1976,1
Bad Moon Rising,Creedence Clearwater Revival,1969,32
Birthday (Live),Paul McCartney & Wings,1990,1
The Needle and the Damage Done,Neil Young,1972,4
Interstate Love Song,Stone Temple Pilots,1994,23
Buddy Holly,Weezer,1994,2
Dirty White Boy,Foreigner,1979,17
Run To The Hills,Iron Maiden,1982,27
Nobody's Fool,Cinderella,1986,9
High Enough,Damn Yankees,1990,1
White Room,Cream,1968,68
Industrial Disease,Dire Straits,1982,21
Touch of Grey,Grateful Dead,1987,26
Cherry Bomb,John Mellencamp,1987,1
Born Too Late,Clarks,2000,2
Amie,Pure Prairie League,1972,4
You May Be Right,Billy Joel,1980,30
When I'm Gone,3 Doors Down,2002,6
My Sharona,The Knack,1979,13
Dreams I'll Never See,Molly Hatchet,1978,3
Betty Lou's Gettin' Out Tonigh,Bob Seger,1980,1
It's Hard to Be a Saint in the City,Bruce Springsteen,1973,1
Levon,Elton John,1971,8
Turn The Page,Metallica,1998,13
Show Me The Way,Nektar,1974,1
Sweet Talkin' Woman,Electric Light Orchestra,1978,3
Magic,The Cars,1984,11
No One Knows,Queens of the Stone Age,2002,1
Alone Again,Dokken,1984,1
Roll With the Changes,REO Speedwagon,1978,43
Black Cow,Steely Dan,1977,2
Riders On The Storm,The Doors,1971,43
Amanda,Boston,1986,4
Woodstock,Crosby Stills Nash & Young,1970,37
Pour Some Sugar On Me,Def Leppard,1987,70
Rag Doll,Aerosmith,1987,47
Sad But True,Metallica,1991,4
Summertime Blues,Blue Oyster Cult,1994,1
Fight The Good Fight,Triumph,1981,7
Baby Please Don't Go,AC/DC,1975,1
Grey Ghost,Henry Paul Band,1979,1
SHOCK THE MONKEY,Peter Gabriel,1982,2
Shot in the Dark,Ozzy Osbourne,1986,10
Hang Fire,Rolling Stones,1981,2
Open Arms,Journey,1982,10
Frenchette,David Johansen,1978,1
Money,Pink Floyd,1973,84
Dirty Laundry,Don Henley,1982,37
Forever Man,Eric Clapton,1985,9
Leave It,Yes,1983,20
Jeremy,Pearl Jam,1991,16
Mony Mony,Billy Idol,1981,21
Hunger Strike,Temple of the Dog,1990,4
Sister Golden Hair,America,1975,19
Uncle Albert/Admiral Halsey,Paul McCartney & Wings,1971,4
Rockin' Down The Highway,The Doobie Brothers,1972,13
Hurts So Good,John Mellencamp,1982,40
CAN'T GET IT OUT OF MY HEAD,Electric Light Orchestra,1974,1
Harmony,Elton John,1973,1
Don't Lose My Number,Phil Collins,2016,1
Redneck Friend,Jackson Browne,1973,1
You'll Accompany Me,Bob Seger,1980,1
One Headlight,The Wallflowers,1996,2
When The Levee Breaks,Led Zeppelin,1971,17
Holiday / Boulevard of Broken Dreams,Green Day,2004,5
Black Hole Sun,Soundgarden,1994,16
Use Somebody,Kings of Leon,2008,2
BLUE MONEY,Van Morrison,1970,1
Dixie/Sweet Home Alabama,Lynyrd Skynyrd,1974,33
Night Moves,Wildlife,1976,23
Take It Easy,Jackson Browne,1973,5
Positively 4th Street,Bob Dylan,1965,3
Freeway Jam,Jeff Beck,1975,1
She Don't Know Me,Bon Jovi,1984,2
Let It Grow,Eric Clapton,1974,4
Fade To Black,Metallica,1984,4
Hells Bells,AC/DC,1980,74
Living Loving Maid (She's Just a Woman),Led Zeppelin,1969,7
Drive My Car,The Beatles,1965,4
Angie,Rolling Stones,1973,32
Time Waits for No One,Rolling Stones,1975,1
Just Dropped In,Kenny Loggins,1997,1
Kentucky Woman,Deep Purple,1968,2
Make Me Smile,Chicago,1970,1
Ice Cream Man,Van Halen,1978,13
Bicycle Race/fat Bottomed Girls,Queen,1978,5
Uncle Tom's Cabin,Warrant,1990,1
The Ballad Of John And Yoko,The Beatles,1969,8
Child In Time,Deep Purple,1970,1
The Break Up Song,Greg Kihn Band,1981,49
Growin' Up,Bruce Springsteen,1973,1
Mr. Tinkertrain,Ozzy Osbourne,1992,1
There's Only One Way to Rock,Sammy Hagar,1981,15
Change of Heart,Tom Petty & The Heartbreakers,1982,1
Diary Of A Madman,Ozzy Osbourne,1981,1
Addicted To That Rush,Mr. Big,1989,1
Love In An Elevator,Aerosmith,1989,35
Fire Woman,Crosby Stills & Nash,1989,1
Tonight's the Night (Gonna Be Alright),Rod Stewart,1976,2
Love Stinks,J. Geils Band,1980,10
She Loves My Automobile,ZZ Top,1979,1
Welcome To My Nightmare,Alice Cooper,1975,10
Sex and Candy,Marcy Playground,1997,2
Look At Little Sister,Stevie Ray Vaughan,1984,8
Bang the Drum All Day,Todd Rundgren,1983,9
Don't Let Him Go,REO Speedwagon,1980,1
California Girls,David Lee Roth,1986,2
No Excuses,Alice In Chains,1994,2
Mind Games,John Lennon,1973,1
The Joker,Steve Miller Band,1973,114
Crumblin' Down,John Mellencamp,1983,17
Hot Rod Lincoln,Commander Cody,1971,2
Stereo/All Mixed Up,The Cars,1978,3
What a Fool Believes,The Doobie Brothers,1978,5
Feeling Stronger Every,Chicago,1973,2
Sweet Hitch Hiker,Creedence Clearwater Revival,1971,1
Pink,Aerosmith,1997,1
Night Moves,Bob Seger,1976,47
Golden Years,David Bowie,1975,10
Highway To Hell,AC/DC,1979,92
Losing My Religion,R.E.M.,1991,27
Funk #49,The James Gang,1970,4
When It's Love,Van Halen,1988,22
Shattered,Rolling Stones,1978,36
Three Little Birds,Bob Marley,1980,1
Fooled around and Fell in Love,Elvin Bishop,1975,1
Bucks Boogie,Blue Oyster Cult,1975,1
Hocus Pocus,Focus,1971,6
Radar Love,Golden Earring,1973,66
Breakdown,The Alan Parsons Project,1977,5
Authority Song,John Mellencamp,1983,20
Patience,Guns N' Roses,1988,21
My Generation,The Who,1965,50
No Woman No Cry,Bob Marley,1975,1
Last Kiss,Pearl Jam,1999,3
You Could Be Mine,Guns N' Roses,1991,4
Foolin',Def Leppard,1983,71
Dirty Water,The Standells,1966,3
Walks Like A Woman,Baton Rouge,1990,1
PRETTY WOMAN,Van Halen,1982,5
Happy Together,Turtles,1967,1
Can't Get Loose,Sammy Hagar,1982,1
Soul Sacrifice,Santana,1969,2
Blue On Black,Kenny Wayne Shepherd,1997,15
Heaven,Bryan Adams,1984,4
Elected,Alice Cooper,1973,1
Devil Inside,INXS,1988,5
My Sacrifice,Creed,2001,2
Burnin' Sky,Bad Company,1977,41
I've Got A Feeling,The Beatles,1970,3
Hot Legs,Rod Stewart,1978,33
GOT MY MIND SET ON YOU,George Harrison,1987,1
The Real Me,The Who,1973,12
COVER OF THE ROLLING STONE,Dr. Hook & the Medicine Show,1974,2
Bad Love,Eric Clapton,1989,14
Mercury Blues,Steve Miller Band,1968,1
It's Only Rock 'n Roll,Rolling Stones,1974,57
Fire Woman,The Cult,1989,3
Pride And Joy,Stevie Ray Vaughan,1983,48
The South's Gonna Do It Again,Charlie Daniels Band,1975,1
Dancing With Myself,Billy Idol,1980,20
SOUL MAN,Sam & Dave,1967,3
Landslide,Fleetwood Mac,1975,29
Run Like Hell,Pink Floyd,1979,59
Dancing In the Dark,Bruce Springsteen,1984,10
Heart of Gold,Neil Young,1972,17
Give a Little Bit,Supertramp,1977,73
Texas Flood,Stevie Ray Vaughan,1983,4
Rollin' Stoned,Great White,1999,1
Everybody Wants to Rule the World,Tears for Fears,1985,6
Hello I Love You,The Doors,1968,35
Sentimental Lady,Fleetwood Mac,1972,1
The Warrior,Scandal,1984,5
Are You Experienced?,Jimi Hendrix,1967,4
Fairies Wear Boots,Black Sabbath,1970,1
It's All I Can Do,The Cars,1979,3
Getting In Tune,The Who,1971,2
Higher,Creed,1999,4
Athena,The Who,1982,5
Fortune Teller,Rolling Stones,1964,1
Lady Picture Show,Stone Temple Pilots,1996,1
My Demons,Starset,2014,3
Lights,Journey,1978,93
Jamming,Bob Marley,1977,5
Here I Go Again,Whitesnake,1987,84
Highway Star,Deep Purple,1972,22
What I Got,Sublime,1996,4
Finish What Ya Started,Van Halen,1988,27
I Can't Fight This Feeling,REO Speedwagon,1984,2
You Better You Bet,The Who,1981,26
Jammin' Me,Tom Petty & The Heartbreakers,1987,2
One Way Or Another,Blondie,1978,21
Doctor My Eyes,Jackson Browne,1972,9
Mr. Brownstone,Guns N' Roses,1987,1
Oh Well,Fleetwood Mac,1969,10
Harvester Of Sorrow,Metallica,1988,1
Mama Kin,Aerosmith,1973,5
Back On The Road Again,REO Speedwagon,1979,1
Dreamer,Foghat,1974,2
Lovin' Every Minute of It,Loverboy,1985,8
Hand of Fate,Rolling Stones,1976,2
No Easy Way Out,Robert Tepper,1985,1
Back On The Chain Gang,The Pretenders,1982,40
Turn It On Again,Genesis,1980,23
Smokin' in the Boys Room,Motley Crue,1989,28
BALLAD OF JOHN AND YOKO,The Beatles,1969,1
Getting Better,The Beatles,1967,1
Piano Man,Billy Joel,1973,37
Stop Draggin' My Heart Around,Stevie Nicks w/ Tom Petty and the Heartbreakers,1981,9
Saturday Night Special,Lynyrd Skynyrd,1975,21
Centerfield,John Fogerty,1985,11
I'm Eighteen,Alice Cooper,1971,24
Wicked Sensation,Lynch Mob,1990,1
You Shook Me,Led Zeppelin,1969,3
Tears Are Falling,Kiss,1985,1
King Of Pain,The Police,1983,10
Radioactive,The Firm,1985,3
Sugar Boogie,Molkie Cole,1977,1
Here Comes The Sun,The Beatles,1969,24
Love Has Taken Its Toll,Foreigner,1978,1
Casey Jones,Grateful Dead,1970,3
Houses of the Holy,Led Zeppelin,1975,45
Ain't Talkin' 'bout Love,Van Halen,1978,69
Tuff Enuff,The Fabulous Thunderbirds,1986,15
Like a Hurricane,Neil Young,1977,2
Your Wildest Dreams,The Moody Blues,1986,1
Welcome To The Boomtown,David & David,1986,1
I'm Free,The Who,1969,1
Another Rainy Night,Queensryche,1990,2
Hello It's Me,Todd Rundgren,1972,1
Band on the Run,Paul McCartney & Wings,1973,50
Always With Me Always With You,Joe Satriani,1988,5
Summertime,Janis Joplin,1968,3
Uncle Albert/Admiral Halsey,Paul McCartney & Linda McCartney,1971,2
Tweeter and the Monkey Man,The Traveling Wilburys,1988,1
Head Over Heels,Tears for Fears,1985,1
Good Clean Fun,Allman Brothers Band,1990,2
Superman,The Kinks,1979,1
Words As Weapons,Seether,2014,11
The Back Seat Of My Car,Paul McCartney & Linda McCartney,1971,1
Iron Man,Black Sabbath,1972,40
Rock You Like a Hurricane,Scorpions,1984,69
Mystery Achievement,The Pretenders,1979,18
I'm Leaving,Taxxi,1982,1
You Can Leave Your Hat On (Live),Joe Cocker,1986,1
Unchained,Van Halen,1981,49
Tell It Like It Is,Heart,1980,2
Fire Down Below,Bob Seger,1977,1
No One Like You,Scorpions,1982,76
Only the Young,Journey,1985,3
Purple Haze,Ozzy Osbourne,2005,1
Games People Play,The Alan Parsons Project,1981,3
Mr. Crowley,Ozzy Osbourne,1980,5
Scar Tissue,Red Hot Chili Peppers,1999,8
Think I'm In Love,Eddie Money,1982,22
Wild Side,Motley Crue,1987,11
Who Made Who,AC/DC,1986,12
Against The Wind,Bob Seger,1980,39
Fly By Night,Rush,1975,32
Shout It out Loud,Kiss,1976,5
I Don't Want To Know,Fleetwood Mac,1977,3
Silent Lucidity,Queensryche,1990,10
Ready For Love,Bad Company,1974,45
Same Old Song and Dance,Aerosmith,1974,18
Do It Again,Steely Dan,1972,46
All My Life,Foo Fighters,2002,2
The Letter,Joe Cocker,1970,1
No More Mr. Nice Guy,Alice Cooper,1973,39
Suite: Judy Blue Eyes,Crosby Stills & Nash,1969,10
Knocking At Your Backdoo,Deep Purple,1984,1
Christeen Sixteen,Kiss,1977,1
Horizontal Bop,Bob Seger,1980,2
Listen To The Music,The Doobie Brothers,1972,48
Eye In the Sky,The Alan Parsons Project,1982,2
Too Old To Rock 'n' Roll,Jethro Tull,1976,10
Lights Out (Live),UFO,1976,1
Another Day,Paul McCartney & Wings,1971,2
Heavy Metal,Sammy Hagar,1982,10
Dancing Days,Led Zeppelin,1973,28
Youth Gone Wild,Skid Row,1989,22
Burnin' for You,Blue Oyster Cult,1981,107
I Want You to Want Me,Cheap Trick,1977,110
Keep Your Hands To Yourself,Georgia Satellites,1986,17
Freeze-frame,J. Geils Band,1981,17
I've Just Seen A Face,The Beatles,1965,3
Ooh La La,Faces,1973,1
Cold Hard Bitch,Jet,2004,2
Whole Lotta Rosie,AC/DC,1977,3
Welcome To The Machine,Pink Floyd,1975,41
Bring It On Home,Led Zeppelin,1969,1
Take It Back,Pink Floyd,1994,1
And Your Bird Can Sing,The Beatles,1966,1
Can't Buy Me Love,The Beatles,1964,5
Fly Like an Eagle,Steve Miller Band,1976,85
Another One Bites the Dust,Queen,1980,102
Itchycoo Park,The Small Faces,1967,1
What's Up?,4 Non Blondes,1992,3
Over the Hills and Far Away,Led Zeppelin,1973,94
Eye of the Tiger,Survivor,1982,8
Little Queenie,Rolling Stones,1970,1
Enjoy the Silence,Depeche Mode,1990,2
Baby Hold On,Eddie Money,1977,26
Baby Please Don't Go,Aerosmith,2004,1
Strutter,Kiss,1974,1
The Battle Of Evermore,Led Zeppelin,1971,11
The Midnight Special,Creedence Clearwater Revival,1969,1
Nothin' But A Good Time,Poison,1988,21
The Heart of the Matter,Don Henley,1989,11
I'm A Man,The Spencer Davis Group,1967,1
Party,Boston,1978,7
Life During Wartime,Talking Heads,1979,23
One Way Street,Aerosmith,1973,1
Jet Airliner,Steve Miller Band,1977,42
Someone Saved My Life Tonight,Elton John,1975,4
Midnight Rider,Allman Brothers Band,1970,21
TWO OUT OF THREE AIN'T BAD,Meat Loaf,1977,1
Break On Through,The Doors,1967,52
Call Me,Blondie,1980,26
What's Your Name,Lynyrd Skynyrd,1977,64
The Journey/It's Easy,Boston,1978,1
Where To Now St. Peter,Elton John,1970,1
Women,Foreigner,1979,1
Civil War,Guns N' Roses,1991,1
Moneytalks,AC/DC,1990,20
Beds Are Burning,Midnight Oil,1988,6
My Head's In Mississippi,ZZ Top,1990,1
Urgent,Foreigner,1981,61
Gloria,Van Morrison,1964,1
He Can't Love You,Michael Stanley,1980,1
White Wedding,Billy Idol,1982,84
Fire and Ice,Pat Benatar,1981,1
Rock & Roll Woman,Buffalo Springfield,1967,21
Space Station #5,Montrose,1973,1
Captain Jack,Billy Joel,1973,7
The Stranger,Billy Joel,1977,5
No Rain,Blind Melon,1992,2
Don't Bring Me Down,Animals II,1966,1
I Thank You,ZZ Top,1979,16
Toys in the Attic,Aerosmith,1975,2
Space Cowboy,Steve Miller Band,1969,2
Gypsy,The Moody Blues,1969,1
Rock Steady,Bad Company,1974,3
Master of Puppets,Metallica,1986,2
Right Down the Line,Gerry Rafferty,1978,8
Black Water,The Doobie Brothers,1974,57
HEARD IT IN A LOVE SONG,The Marshall Tucker Band,1977,1
You Got Lucky,Tom Petty & The Heartbreakers,1982,71
Seasons of Wither,Aerosmith,1974,2
Like a Rolling Stone,Bob Dylan,1965,3
Solsbury Hill,Peter Gabriel,1977,31
Domino,Van Morrison,1970,1
Kick It Out,Heart,1977,7
Lowdown,Boz Scaggs,1976,1
Summer Of '69,Bryan Adams,1984,52
I Can't Tell You Why,Eagles,1979,2
Lightning Crashes,Live,1994,4
A Conspiracy,The Black Crowes,1994,1
All Along the Watchtower,Jimi Hendrix,1968,141
Behind Blue Eyes,The Who,1971,75
Bound for the Floor,Local H,1996,2
You're Going To Lose That Girl,The Beatles,1965,1
Exodus,Bob Marley,1977,1
Working for the Weekend,Loverboy,1981,27
Prove It All Night,Bruce Springsteen,1978,2
For What It's Worth,Buffalo Springfield,1966,40
Lyin' Eyes,Eagles,1975,27
Jeepster,T. Rex,1971,1
Jumpin' Jack Flash,Rolling Stones,1968,72
Maggot Brain,Funkadelic,1971,1
Holiday (Live),Green Day,2004,4
Walk Away,James Gang,1971,10
Rock And Roll Never Forgets,Bob Seger,1977,24
Waterloo Sunset,The Kinks,1967,9
Telephone Line,Electric Light Orchestra,1976,1
Something In the Air,Thunderclap Newman,1969,1
Hey Jude (Live),Paul McCartney & Wings,1968,1
Used To Love Her,Guns N' Roses,1988,1
Give Me Love,George Harrison,1973,3
AFRICA,Toto,1982,2
Californication,Red Hot Chili Peppers,1999,4
Crazy Little Thing Called Love,Queen,1979,57
Should I Stay Or Should,The Clash,1982,58
If You Love Somebody Set Them Free,Sting,1985,1
Hush,Deep Purple,1968,14
Gloria,The Doors,1983,5
Yours Is No Disgrace,Yes,1971,1
New Kid In Town,Eagles,1976,2
Wrapped Around Your Finger,The Police,1983,17
Art For Arts Sake,10cc,1975,1
Save Your Love,Great White,1987,1
Peg,Steely Dan,1977,3
Dream Police,Cheap Trick,1979,5
Long Time Gone,Crosby Stills & Nash,1969,1
I Can't Hold Back,Survivor,1984,4
And the Cradle Will Rock...,Van Halen,1980,43
Get A Haircut,George Thorogood,1993,1
Bang a Gong (Get It On),T. Rex,1971,82
Stuck In the Middle With You,Stealers Wheel,1972,37
Freewill,Rush,1980,60
Train In Vain,The Clash,1979,12
I'm On Fire,Bruce Springsteen,1984,14
Rock 'n' Roll Fantasy,Bad Company,1979,91
How Long,Ace,1974,1
Behind The Lines,Genesis,1980,2
Low,Cracker,1993,2
Every Breath You Take,The Police,1983,32
A Whiter Shade of Pale,Procol Harum,1967,3
Rikki Don't Lose That Number,Steely Dan,1974,5
Seventeen,Winger,1988,2
Crocodile Rock,Elton John,1972,7
Desperado,Eagles,1973,5
Paint It Black,Rolling Stones,1966,58
Listen To What The Man Says,Paul McCartney & Wings,1975,3
Street Corner Serenade,Wet Willie,1977,2
Hit Me With Your Best Shot,Pat Benatar,1980,62
ALL YOU ZOMBIES,Hooters,1985,4
You Really Got Me,The Kinks,1964,20
My Sweet Lord,George Harrison,1970,6
Seagull,Bad Company,1974,1
Don't Know What You Got,Cinderella,1988,3
Hot Blooded,Foreigner,1978,82
Down by the River,Neil Young,1969,2
Let It Be,The Beatles,1970,31
Don't Stop Me Now,Queen,1977,2
Fly To The Angels,Slaughter,1990,1
Cigarette,Clarks,1994,4
Sunshine of Your Love,Cream,1967,11
Cover Me,Bruce Springsteen,1984,1
Feelin' Satisfied,Boston,1978,44
Once Bitten Twice Shy,Great White,1989,12
Monday Morning,Fleetwood Mac,1975,30
She's a Rainbow,Rolling Stones,1967,1
The Memory Remains,Metallica,1997,3
Bonzo's Montreaux,Led Zeppelin,1982,3
Walking On The Moon,The Police,1979,13
Knockin' On Heaven's Door,Eric Clapton,1977,16
Hey Hey My My,Neil Young,1978,14
Treat Me Right,Pat Benatar,1980,1
Black And Blue,Van Halen,1988,9
Get It While You Can,Janis Joplin,1971,1
Into The Mystic,Van Morrison,1970,1
Blaze of Glory,Bon Jovi,1990,8
New Sensation,INXS,1987,2
Rocky Mountain Way,Ozzy Osbourne,2005,1
Sex Type Thing,Stone Temple Pilots,1992,1
Like a Rolling Stone,Jimi Hendrix,1965,1
Feel Like Makin' Love,Bad Company,1975,113
Five To One,The Doors,1968,5
The Trooper,Iron Maiden,1983,3
Travelin' Band,Creedence Clearwater Revival,1970,12
Stay Up Late,Talking Heads,1985,33
I Can't Quit You Baby,Led Zeppelin,1969,1
So Into You,Atlanta Rhythm Section,1976,1
Jamie's Cryin',Van Halen,1978,96
Let It Ride,Bachman-Turner Overdrive,1973,13
Love Shack,The B-52's,1989,5
The World I Know,Collective Soul,1995,1
Hot Rockin',Judas Priest,1981,1
I Don't Care Anymore,Phil Collins,1982,38
Centerfold,J. Geils Band,1981,78
Merry-Go-Round,Mama's Pride,1977,1
Early,Ringo Starr,1971,1
Do You Know What I Mean,Lee Michaels,1971,3
No More No More,Aerosmith,1975,2
If You Could Only See,Tonic,1996,1
Oh Sherrie,Steve Perry,1984,12
Little Dreamer,Van Halen,1978,11
Jingo,Santana,1969,1
Alone,Heart,1987,4
Take Me Home Tonight,Eddie Money,1986,35
Twilight Zone,Golden Earring,1983,75
2112: Overture / The Temples of Syrinx (Chronicles Version),Rush,1976,2
I Don't Know,Ozzy Osbourne,1980,8
With Or Without You,U2,1987,49
Cheap Sunglasses,ZZ Top,1980,34
Stop Draggin' My Heart Around,Tom Petty & The Heartbreakers,1981,2
Jailbreak,Thin Lizzy,1976,16
Right Here Right Now,Jesus Jones,1991,3
Moonlight Drive,The Doors,1967,17
Armageddon It,Def Leppard,1987,23
Home Sweet Home,Motley Crue,1985,29
Low Rider,War,1975,81
Tuesday's Gone,Lynyrd Skynyrd,1973,31
Jean Genie,David Bowie,1973,5
Pride of Man,Quicksilver Messenger Service,1968,1
The Load-out/stay,Jackson Browne,1977,21
Long Live Rock,The Who,1972,13
Love Hurts,Nazareth,1976,26
Shine,Collective Soul,1993,20
Small Town,John Mellencamp,1985,55
Working Man,Rush,1975,24
Sgt. Pepper/with A Little Help From My Friends,The Beatles,1967,11
More Than Words,Extreme,1991,1
New York State Of Mind,Billy Joel,1976,2
Long Distance Runaround,Yes,1972,35
If Looks Could Kill,Heart,1985,2
Witchy Woman,Eagles,1972,14
Funeral for a Friend (Love Lies Bleeding),Elton John,1973,5
Ordinary Average Guy,Joe Walsh,1991,2
Jet City Woman,Queensryche,1990,6
Starman,David Bowie,1972,1
Bloody Well Right,Supertramp,1974,3
Rock And Roll Hoochie Koo,Rick Derringer,1974,55
Take It on the Run,REO Speedwagon,1981,46
Lady Writer,Dire Straits,1979,2
Seven Bridges Road,Eagles,1980,14
Magic Power,Triumph,1981,27
Poundcake,Van Halen,1991,1
Immigrant Song,Led Zeppelin,1970,87
We Built This City,Jefferson Starship,1985,3
I HEAR YOU KNOCKING,Dave Edmunds,1970,1
Two Of Us,The Beatles,1970,2
Maybe,Clarks,1996,2
Goodbye To Romance,Ozzy Osbourne,1980,2
Please Please Me,The Beatles,1963,2
Right Now,Van Halen,1991,25
Rumors In The Air,Night Ranger,1983,1
Talk Dirty To Me,Poison,1987,1
Can't You See,The Marshall Tucker Band,1973,52
Nothing Else Matters,Metallica,1991,10
Song 2,Blur,1997,3
Creep,Stone Temple Pilots,1993,7
Take the Money and Run,Steve Miller Band,1976,71
Got Me Under Pressure,ZZ Top,1983,29
She's So Cold,Rolling Stones,1980,21
These Days,Foo Fighters,2011,2
The Spirit of Radio,Rush,1980,77
Teacher I Need You,Elton John,1973,1
Plain Jane,Sammy Hagar,1979,2
Katmandu,Bob Seger,1975,7
World Turning,Fleetwood Mac,1975,6
Get Off Of My Cloud,Rolling Stones,1965,17
Roadrunner,Jonathan Richman,1977,1
Ohio,Crosby Stills Nash & Young,1970,6
ANGELOS,Dick Siegel,1979,1
Tumbling Dice,Rolling Stones,1972,11
Going Mobile,The Who,1971,12
Born In the U.S.A.,Bruce Springsteen,1984,14
1979,Smashing Pumpkins,1995,3
Love Is A Battlefield,Pat Benatar,1983,28
Synchronicity II,The Police,1983,35
Where Have All the Good Times Gone!,Van Halen,1982,1
Rock The Casbah,The Clash,1982,61
Love Her Madly,The Doors,1971,56
Who's Behind The Door,Zebra,1983,1
Trippin' on a Hole in a Paper Heart,Stone Temple Pilots,1996,1
Man On the Moon,R.E.M.,1992,23
There's No Way Out Of Here,David Gilmour,1978,3
Nothing Is Easy,Jethro Tull,1969,2
The Cowboy Song,Thin Lizzy,1976,1
Starrider,Foreigner,1977,1
Venus and Mars/Rock Show,Paul McCartney & Wings,1975,2
Why Can't We Be Friends,War,1975,1
Who Are You,The Who,1978,94
Money for Nothing,Dire Straits,1985,56
South City Midnight Lady,The Doobie Brothers,1973,1
Spoonman,Soundgarden,1994,6
Train Train,Blackfoot,1979,25
All Right Now,Free,1970,97
Sultans of Swing,Dire Straits,1978,79
Trans Am (Highway Wonderland),Sammy Hagar,1979,2
Iris,The Goo Goo Dolls,1998,2
THE SPIDER AND THE FLY,Rolling Stones,1965,1
Mutha (Don't Wanna Go To School Today),Extreme,1989,1
Mother,Pink Floyd,1979,19
Move It On Over,George Thorogood,1978,14
Roundabout,Yes,1971,44
For Those About To Rock,AC/DC,1981,46
Somebody To Love,Queen,1976,69
Son of a Son of a Sailor,Jimmy Buffett,1978,1
Bad Medicine,Bon Jovi,1988,7
All Day And All Of The Night,The Kinks,1964,7
The Happiest Days Of Our Lives/another Brick In The Wall,Pink Floyd,1979,44
America,Simon & Garfunkel,1968,1
IT'S ALL OVER NOW,Rolling Stones,1964,1
Analog Man,Joe Walsh,2012,1
Loser,Grateful Dead,1970,1
Candle in the Wind,Elton John,1973,14
Bad Motor Scooter,Montrose,1973,30
You Can Call Me Al,Paul Simon,1986,1
While You See a Chance,Steve Winwood,1980,4
Let Me Take You Home Tonight,Boston,1976,22
The Wind Cries Mary,Jimi Hendrix,1967,21
Suzie Q,Creedence Clearwater Revival,1968,8
Peaches En Regalia,Frank Zappa,1987,1
Fuel,Metallica,1997,2
Two Tickets To Paradise,Eddie Money,1977,59
Only You Know And I Know,Dave Mason,1970,1
I Saw Her Standing There,The Beatles,1963,3
Somebody's Baby,Jackson Browne,1982,7
She's The One,Bruce Springsteen,1975,1
Don't Stand So Close To Me,The Police,1980,64
See You on the Other Side,Ozzy Osbourne,1995,3
Life in the Fast Lane,The New Eagles,1976,3
Changes,Ozzy Osbourne,1972,1
Angel,Aerosmith,1987,12
CARS,Gary Numan,1979,1
Kings and Queens,Aerosmith,1977,1
Wild Honey Pie,The Beatles,1968,1
Better Man,Pearl Jam,1994,17
How Many More Times,Led Zeppelin,1969,2
Hand In My Pocket,Alanis Morissette,1995,1
Persephone,Wishbone Ash,1980,1
The Rover,Led Zeppelin,1975,2
End of the Line,The Traveling Wilburys,1988,2
Fresh Air,Quicksilver Messenger Service,1970,1
The Other Side,Aerosmith,1990,11
Born On the Bayou,Creedence Clearwater Revival,1969,25
In A Gadda Da Vida,Iron Butterfly,1968,1
Blue Sky,Allman Brothers Band,1972,1
Rocket Man,Elton John,1972,68
That's the Way,Led Zeppelin,1970,1
Little Lies,Fleetwood Mac,1987,1
Drive,The Cars,1984,3
Lido Shuffle,Boz Scaggs,1976,11
December,Collective Soul,1995,8
Eight Days A Week,The Beatles,1964,6
Slow An' Easy,Whitesnake,1984,6
Baker Street,Foo Fighters,1997,1
Gone,The Black Crowes,1994,1
Mississippi Queen,Mountain,1970,25
Lorelei,Styx,1975,4
Pump It Up,Elvis Costello,1978,3
Stray Cat Strut,Stray Cats,1981,6
Land Of Confusion,Genesis,1986,17
Are You Receiving Me,Golden Earring,1973,1
Ah! Leah!,Donnie Iris,1980,13
19th Nervous Breakdown,Rolling Stones,1966,1
My Kinda Lover,Billy Squier,1981,22
TIME IS ON MY SIDE,Rolling Stones,1964,2
Fm {no Static At All},Steely Dan,1978,1
Girls Girls Girls,Motley Crue,1987,25
Candy-o,The Cars,1979,8
Signs,Tesla,1990,15
The Wizard,Uriah Heep,1972,1
Purple Haze,Jimi Hendrix,1967,67
Fly,Sugar Ray,1997,2
Long Train Runnin',The Doobie Brothers,1973,55
We're an American Band,Grand Funk Railroad,1973,25
Lonely Boy,The Black Keys,2011,6
Green River,Creedence Clearwater Revival,1969,3
Heading Out To The Highway,Judas Priest,1981,10
One Way Out,Allman Brothers Band,1972,3
Shake It Up,The Cars,1981,27
Mr. Jones,Counting Crows,1993,2
Careful With That Axe Eugene,Pink Floyd,1969,23
Yellow Ledbetter,Pearl Jam,1992,2
Tie Your Mother Down,Queen,1976,4
Heat of the Moment,Asia,1982,37
Goodbye Stranger,Supertramp,1979,60
Woman,John Lennon,1980,1
Eyes Without a Face,Billy Idol,1984,2
Tainted Love,Soft Cell,1981,1
Roam,The B-52's,1989,1
Hair Of The Dog,Nazareth,1975,53
Bicycle Race,Queen,1978,3
TALK OF THE TOWN,The Pretenders,1980,1
Piece of Your Action,Motley Crue,1981,1
The Crunge,Led Zeppelin,1973,1
Rockstar,Nickelback,2005,10
Live and Let Die,Guns N' Roses,1991,29
I'm Goin' Home,Ten Years After,1968,1
Owner of a Lonely Heart,Yes,1983,81
Doo Doo Doo Doo Doo (Heartbreaker),Rolling Stones,1973,21
Photograph,Nickelback,2005,1
Badlands,Bruce Springsteen,1978,2
Free Ride,Edgar Winter Group,1973,26
Soul to Squeeze,Red Hot Chili Peppers,1993,8
Heavy Metal,Don Felder,1981,12
Living After Midnight,Judas Priest,1980,32
Hemorrhage,Free,2000,1
Bark At The Moon,Ozzy Osbourne,1983,6
Limelight,Rush,1981,90
Scuttle Buttin',Stevie Ray Vaughan,1984,3
The Man Who Sold the World,Nirvana,1995,4
Me and Bobby McGee,Janis Joplin,1971,23
Suite Madame Blue,Styx,1975,2
JOHNNY B. GOODE,Chuck Berry,1958,2
London Calling,The Clash,1979,8
Blinded By the Light,Bruce Springsteen,1973,1
Roll Over Beethoven,Electric Light Orchestra,2000,3
Hero of the Day,Metallica,1996,1
Darlene,Led Zeppelin,1982,2
WILD WORLD,Cat Stevens,1971,2
Heroes,David Bowie,1977,3
Already Gone,Eagles,1974,71
Hold The Line,Toto,1978,72
Pink Cadillac,Bruce Springsteen,1984,9
I Know a Little,Lynyrd Skynyrd,1977,4
Diamond Dogs,David Bowie,1974,1
Tom Sawyer,Rush,1981,114
Brothers In Arms,Dire Straits,1985,14
Let My Love Open the Door,Pete Townshend,1980,38
Jersey Girl,Bruce Springsteen,1985,1
Madman Across The Water,Elton John,1971,1
Shout at the Devil,Motley Crue,1983,4
Victim of Love,Eagles,1976,5
Big Empty,Stone Temple Pilots,1994,7
The Lamb Lies Down On Broadway,Genesis,1974,23
Medicated Goo,Traffic,1968,1
Stand Back,Stevie Nicks,1983,40
Lonely Is the Night,Billy Squier,1981,80
Gimme Back My Bullets,Lynyrd Skynyrd,1976,4
Edge of a Broken Heart,Vixen,1988,2
Recognition,Detective,1977,1
For Whom The Bell Tolls,Metallica,1984,1
Headed For A Heartbreak,Winger,1988,1
Starship Trooper,Yes,1971,1
Lust for Life,Iggy Pop,1977,4
I Heard It Through the Grapevine,Creedence Clearwater Revival,1970,8
Black Velvet,Alannah Myles,1989,1
Photograph,Def Leppard,1983,88
Brass In Pocket,The Pretenders,1980,51
Love Alive,Heart,1977,1
Across The Universe,The Beatles,1970,1
Hey You,Pink Floyd,1979,65
The One I Love,R.E.M.,1987,35
Strawberry Fields Forever,The Beatles,1967,7
Dream On,Aerosmith,1973,142
Dear Mr. Fantasy,Traffic,1967,4
Bargain,The Who,1971,35
Black,Pearl Jam,1991,11
Coming Up,Paul McCartney & Wings,1980,3
Wonderous Stories,Yes,1977,5
Back Off Boogaloo,Ringo Starr,1972,2
Turbo Lover,Judas Priest,1986,1
Funk #49,Joe Walsh,2012,4
WAR,Edwin Starr,1970,2
Misty Mountain Hop,Led Zeppelin,1971,31
Changes,David Bowie,1971,33
Slow Ride,Foghat,1975,77
How Can I Refuse,Heart,1983,2
One of These Nights,Eagles,1975,48
War Pigs,Black Sabbath,1970,38
Handle with Care,The Traveling Wilburys,1988,5
Atlantic City,Bruce Springsteen,1982,1
Burning Down the House,Talking Heads,1983,72
Black Dog,Led Zeppelin,1971,105
Goodnight Saigon,Billy Joel,1983,1
Livin' Thing,Electric Light Orchestra,1976,12
Dreams,Van Halen,1986,25
Voices,Russ Ballard,1975,2
Escape,Journey,1981,1
Straight On,Heart,1978,36
Hats Off To {roy} Harper,Led Zeppelin,1970,8
Take Me To The River,Talking Heads,1978,23
Too Rolling Stoned,Robin Trower,1974,5
Tarkio Road,Brewer & Shipley,1970,1
Don't Let Me Down,The Beatles,1969,1
Cat Scratch Fever,Ted Nugent,1977,20
Dog & Butterfly,Heart,1978,3
Blondes In Black Cars,Autograph,1985,1
Even Flow,Pearl Jam,1991,16
Stairway To Heaven,Heart,1977,4
Lookin' Out My Back Door,Creedence Clearwater Revival,1970,20
Legs,ZZ Top,1983,121
The Number Of The Beast,Iron Maiden,1982,18
Carry On,Crosby Stills Nash & Young,1970,6
BE MY LOVER,Alice Cooper,1971,1
I Want To Hold Your Hand,The Beatles,1963,2
Dolly Dagger,Jimi Hendrix,1970,3
The Long And Winding Road,The Beatles,1970,2
Let 'Em In,Paul McCartney & Wings,1976,1
YOU'VE GOT A FRIEND,JAMES TAYLOR,1971,1
Dance Little Sister,Rolling Stones,1980,1
Lazy,Deep Purple,1972,1
Touch Too Much,AC/DC,1979,2
Woman From Tokyo,Deep Purple,1973,42
Stir It Up,Bob Marley,1973,2
Werewolves of London,Warren Zevon,1978,52
Your Time Is Gonna Come,Led Zeppelin,1969,10
Gimme Some Water,Eddie Money,1978,8
Rebel Rebel,David Bowie,1974,43
You Never Give Me Your Money,The Beatles,1969,2
We Will Rock You,Queen,1977,14
Turn On Your Lovelight,Grateful Dead,1969,1
Instant Karma,John Lennon,1970,21
Peaceful Easy Feeling,Eagles,1972,16
Someday (Single Mix),Nickelback,2003,1
THE CONTINUING STORY OF BUNG,The Beatles,1968,1
Head Games,Foreigner,1979,43
Test For Echo,Rush,1996,23
Bebe le Strange,Heart,1980,1
Back for More,Ratt,1984,3
A Woman In Love,Tom Petty & The Heartbreakers,1981,2
Free for All,Ted Nugent,1977,10
Stairway to Heaven,Led Zeppelin,1971,79
Hi Hi Hi,Paul McCartney & Wings,1976,6
Emotional Rescue,Rolling Stones,1980,1
Sunday Bloody Sunday,U2,1983,54
Best Of Both Worlds,Van Halen,1986,6
One,U2,1991,18
Shakedown Cruise,Jay Ferguson,1979,1
Me and Bobby McGee,Grateful Dead,1970,1
30 Days In the Hole,Humble Pie,1972,2
I Wanna Be Sedated,The Ramones,1978,23
That Was Yesterday,Foreigner,1984,4
How You Remind Me,Nickelback,2001,4
I Feel Fine,The Beatles,1964,5
Hey Hey (What Can I Do?),Led Zeppelin,1970,32
Stone Free,Jimi Hendrix,1966,4
Fame,David Bowie,1975,59
You Shook Me All Night Long,AC/DC,1980,138
Beautiful Girls,Van Halen,1979,44
Little Suzi,Tesla,1986,1
Piece of My Heart,Janis Joplin,1968,28
God Save The Queen,Sex Pistols,1977,26
Four Sticks,Led Zeppelin,1971,5
NOT FADEAWAY/GOING /AWAY,Grateful Dead,1971,1
Fell On Black Days,Soundgarden,1994,4
The Wanton Song,Led Zeppelin,1975,1
Midnight Rider,Gregg Allman,1970,6
Three Lock Box,Sammy Hagar,1982,1
Never Been Any Reason,Head East,1975,16
I'm No Angel,Gregg Allman,1987,17
I'd Love To Change The World,Ten Years After,1971,18
Paradise City,Guns N' Roses,1987,75
Rock And Roll,Heart,1976,1
Rock Rock,Def Leppard,1983,1
Jump into the Fire,Harry Nilsson,1971,3
Drinkin' in the Driveway,Michael Stanley,2001,1
Sympathy For The Devil,Rolling Stones,1968,81
Don't Ask Me No Questions,Lynyrd Skynyrd,1974,14
Fixing A Hole,The Beatles,1967,2
Godzilla,Blue Oyster Cult,1977,9
Old Man,Neil Young,1972,13
Runaround,Van Halen,1991,1
Hello Again,The Cars,1984,6
I'm Down,The Beatles,1965,1
Must of Got Lost,J. Geils Band,1974,10
She's a Beauty,The Tubes,1983,25
Sundown,Gordon Lightfoot,1974,7
Baby I Love Your Way,Peter Frampton,1975,41
Anything Anything,Dramarama,1985,2
Under My Thumb,Rolling Stones,1966,42
Somebody Save Me,Cinderella,1986,1
Loser,Beck,1994,1
Midnight Rambler,Rolling Stones,1969,2
With a Little Help From My Friends,The Beatles,1967,7
Sweet Jane (Live),Lou Reed,1970,1
Hey Nineteen,Steely Dan,1980,8
Love Walks In,Van Halen,1986,4
The Devil Went Down To Georgia,Charlie Daniels Band,1979,25
Hitch A Ride,Boston,1976,11
Go Your Own Way,Fleetwood Mac,1977,77
Since I've Been Loving You,Led Zeppelin,1970,11
Take The Highway,The Marshall Tucker Band,1973,1
Smuggler's Blues,Glenn Frey,1984,3
Glory Days,Bruce Springsteen,1984,21
The Cisco Kid,War,1972,3
Good Times Bad Times,Led Zeppelin,1969,43
Your Cash Ain't Nothin But Trash,Steve Miller Band,1973,1
So Far Away,Dire Straits,1985,25
In the Light,Led Zeppelin,1975,4
Living In The Past,Jethro Tull,1969,13
Ob-la-di Ob-la-da,The Beatles,1968,13
The Fool On The Hill,The Beatles,1967,2
Look Into The Future,Journey,1976,1
American Dream Plan B,Tom Petty & The Heartbreakers,2014,2
Get Off My Cloud,Rolling Stones,1965,1
Little Wing,Stevie Ray Vaughan,1991,9
I Can Survive,Triumph,1980,1
Had a Dream (Sleeping With the Enemy),Roger Hodgson,1984,1
Rock and Roll Ain't Noise Pollution,AC/DC,1980,21
Give It Away,Red Hot Chili Peppers,1991,7
It's Been Awhile,Staind,2001,4
You Got That Right,Lynyrd Skynyrd,1977,13
Self Esteem,The Offspring,1994,4
You Make Loving Fun,Fleetwood Mac,1977,31
Shadows Of The Night,Pat Benatar,1982,8
School's Out,Alice Cooper,1972,44
Learning To Fly,Tom Petty & The Heartbreakers,1991,23
On Through The Night,Def Leppard,1980,1
Wrong Way,Sublime,1996,2
Midnight Blue,Lou Gramm,1987,1
The Lemon Song,Led Zeppelin,1969,3
Crazy Train,Ozzy Osbourne,1980,79
All the Small Things,Blink-182,1999,1
Only Time Will Tell,Asia,1982,3
Hello Goodbye,Paul McCartney & Wings,1967,1
Jack & Diane,John Mellencamp,1982,73
Emotions in Motion,Billy Squier,1982,0
Tightrope,Stevie Ray Vaughan,1989,6
Drop Dead Legs,Van Halen,1984,4
GIMME SOME LOVIN',Spencer Davis Group,1966,4
Mysterious Ways,U2,1991,38
One Slip,Pink Floyd,1987,1
Tangerine,Led Zeppelin,1970,1
Voodoo Child (Slight Return),Jimi Hendrix,1968,2
Breakdown,Tom Petty & The Heartbreakers,1977,88
AS FAR AS YOU CAN SEE (AS MU,Gypsy,1971,1
I Love Rock 'n Roll,Joan Jett,1981,82
Shoot To Thrill,AC/DC,1980,45
CRAZY LOVE,Van Morrison,1970,1
Heartbreaker,Rolling Stones,1973,3
The Pretender,Foo Fighters,2007,1
Blackbird,The Beatles,1968,3
Holy Diver,Dio,1983,7
Summertime Blues,The Who,1958,9
There's No Way Out Of Here,David Essex,1973,1
Into The Fire,Dokken,1984,1
All I Wanna Do Is Make Love to You,Heart,1990,2
No Quarter,Led Zeppelin,1973,3
Runnin' Down a Dream,Tom Petty & The Heartbreakers,1989,96
The Night They Drove Old Dixie Down,The Band,1969,3
See Emily Play,Pink Floyd,1967,1
Electric Eye,Judas Priest,1982,1
Dreams,Fleetwood Mac,1977,53
South Bound Saurez,Led Zeppelin,1979,1
Black Magic Woman,Santana,1970,61
By the Way,Red Hot Chili Peppers,2002,1
Peace of Mind,Boston,1976,132
N.I.B.,Black Sabbath,1970,8
Ain't Too Proud to Beg,Rolling Stones,1974,14
Perry Mason,Ozzy Osbourne,1995,2
Closer To Home (I'm Your Captain),Grand Funk Railroad,1970,8
Somehow Somewhere Someway,Kenny Wayne Shepherd,1997,1
Daughter,Pearl Jam,1993,10
Long Stick Goes Boom,Krokus,1982,1
Revolution,The Beatles,1968,55
I Saw the Light,Todd Rundgren,1972,2
Dance the Night Away,Van Halen,1979,106
Cherry Pie,Warrant,1990,6
You're In My Heart (The Final Acclaim),Rod Stewart,1977,1
Tell Me What You Want,Zebra,1983,2
Kiss Me Deadly,Lita Ford,1988,1
Boom Boom/,Pat Travers,1976,1
Fox On The Run,Sweet,1974,16
Who Can It Be Now?,Men At Work,1982,6
Is She Really Going Out With Him?,Joe Jackson,1979,6
Breakfast in America,Supertramp,1979,56
THE SEEKER,The Who,1970,1
Found Out About You,Gin Blossoms,1993,1
Turn Up The Music  1977,Sammy Hagar,1977,3
Third Stone From The Sun,Jimi Hendrix,1967,2
Flying High Again,Ozzy Osbourne,1981,44
Custard Pie,Led Zeppelin,1975,6
Beth,Kiss,1976,2
Even Better Than the Real Thing,U2,1991,3
U Get Me High,Tom Petty & The Heartbreakers,2014,2
Journey to the Center of the Mind,The Amboy Dukes,1968,1
Great White Buffalo,Ted Nugent,1974,1
You Don't Know How It Feels,Tom Petty & The Heartbreakers,1994,31
Thunder Road,Bruce Springsteen,1975,7
Vertigo,U2,2004,3
Conquistador,London Symphony Orchestra,1967,2
Everybody's Got Something To Hide Except Me And My Monk,The Beatles,1968,1
Rock Around the Clock,Bill Haley,1955,1
No Leaf Clover,Metallica,1999,1
Sex Action,L.A. Guns,1988,1
867-5309 / Jenny,Tommy Tutone,1982,11
Dreamboat Annie,Heart,1976,3
Wonderwall,Oasis,1995,3
It's In The Way That You Use It,Eric Clapton,1986,10
Cliffs Of Dover,Eric Johnson,1990,2
Are You Gonna Go My Way,Lenny Kravitz,1993,11
Man On The Silver Mountain,Rainbow,1975,5
Lunatic Fringe,Red Rider,1981,52
Black-Throated Wind,Grateful Dead,2002,1
Lay Down Sally,Eric Clapton,1977,10
Dr. Feelgood,Motley Crue,1989,17
Junior's Farm,Paul McCartney & Wings,1974,3
Addicted to Love,Robert Palmer,1985,11
UNDERCOVER OF THE NIGHT,Rolling Stones,1983,1
All Summer Long,Kid Rock,2007,8
Cat's In The Cradle,Harry Chapin,1974,4
Hey Jealousy,Gin Blossoms,1992,3
Old Time Rock & Roll,Bob Seger,1978,42
Since You Been Gone,Rainbow,1979,14
DANIEL,Elton John,1973,4
The Last Worthless Evening,Don Henley,1989,1
Out On The Tiles,Led Zeppelin,1970,6
I Can't Stand It,Eric Clapton,1981,9
Raise Your Hands,Bon Jovi,1986,1
Sunset Grill,Don Henley,1985,6
Ain't That a Shame,Cheap Trick,1978,8
One,Metallica,1988,1
Summertime Girls,Y&T,1985,4
It Can Happen,Yes,1983,3
Love Me Two Times,The Doors,1967,51
Would?,Alice In Chains,1992,2
Under Pressure,Queen,1981,12
Ballroom Blitz,Sweet,1973,25
Saved By Zero,The Fixx,1983,2
Rough Boys,Pete Townshend,1980,2
Chest Fever,The Band,1968,1
Rock Candy,Montrose,1973,19
Red,Sammy Hagar,1978,3
Shout,Tears for Fears,1984,1
Help!,The Beatles,1965,4
Rock And Roll All Nite,Kiss,1975,119
Bringin' On The Heartbreak,Def Leppard,1981,35
You're All I've Got Tonight,The Cars,1978,38
Who Are You?,Why Not,1978,5
Rooster,Alice In Chains,1992,2
The Story In Your Eyes,The Moody Blues,1971,1
Dissident,Pearl Jam,1994,2
What Do All The People Know,Monroes,1982,2
A Life Of Illusion,Joe Walsh,1981,5
Keep Talking,Pink Floyd,1994,4
Wild Horses,Rolling Stones,1971,5
Summer Nights,Van Halen,1986,4
Monterey,The Animals,1968,3
Traveling Riverside Blues,Led Zeppelin,1982,9
Backstreets,Bruce Springsteen,1975,1
Drift Away,Dobie Gray,1973,22
Sgt. Pepper's Lonely Hearts Club Band,The Beatles,1967,1
Cryin',Aerosmith,1993,15
Lonely Ol' Night,John Mellencamp,1985,7
Headkeeper,Dave Mason,1972,1
Stayed Awake All Night,Krokus,1989,1
Wonderful Tonight,Eric Clapton,1977,15
De Do Do Do De Da Da Da,The Police,1980,19
Stone Cold,Rainbow,1982,3
Tusk,Fleetwood Mac,1979,6
Carpet Crawlers,Genesis,1998,1
Learning to Fly,Pink Floyd,1987,44
Sin City,AC/DC,1978,1
No One to Depend On,Santana,1971,7
Bohemian Rhapsody,Queen,1975,119
Atomic Punk,Van Halen,1978,1
Calling Dr. Love,Kiss,1976,4
(I Just) Died in Your Arms,Cutting Crew,1986,3
Takin' Care Of Business,Bachman-Turner Overdrive,1973,39
Who's Crying Now,Journey,1981,29
City of the Angels,Journey,1979,4
In the Evening,Led Zeppelin,1979,11
On the Dark Side,John Cafferty,1983,19
Too Late for Love,Def Leppard,1983,27
We're Ready,Boston,1986,1
Inside Out,Eve 6,1998,1
Detroit Rock City,Kiss,1976,27
STILL THE ONE,Orleans,1976,1
Eleanor Rigby,The Beatles,1966,20
Hard As A Rock,AC/DC,1995,1
Blue Collar Man,Styx,1978,61
Need You Tonight,INXS,1987,12
45,Shinedown,2003,2
Abacab,Genesis,1981,35
Sweetest Thing,U2,1987,1
LITTLE CHILD,The Beatles,1963,1
Rosalita (Come Out Tonight),Bruce Springsteen,1973,5
You Wear It Well,Rod Stewart,1972,7
Second Hand News,Fleetwood Mac,1977,4
Last Child,Aerosmith,1976,4
Hold Your Head Up,Argent,1972,11
Eighteen,Alice Cooper,1971,4
Maybe I'm Amazed,Paul McCartney & Wings,1970,53
Brickyard Road,Johnny Van Zant,1990,1
Animal,Def Leppard,1987,35
The Old Man Down The Road,John Fogerty,1985,12
I Still Haven't Found What I'm Looking For,U2,1987,53
Stay,David Bowie,1976,1
Lucky Man,Emerson Lake & Palmer,1970,8
Question,The Moody Blues,1970,2
I Can See For Miles,The Who,1968,10
Free Me,Roger Daltry,1980,1
On the Road Again,Canned Heat,1968,1
You've Got Another Thing Comin',Judas Priest,1982,26
Home by the Sea/Second Home by the Sea,Genesis,1983,1
I Wouldn't Want to Be Like You,The Alan Parsons Project,1977,1
Seek & Destroy,Metallica,1983,1
I Remember You,Skid Row,1989,30
Let Me Roll It,Paul McCartney & Wings,1973,1
Wherever I May Roam,Metallica,1991,3
Helter Skelter,Paul McCartney & Wings,1968,1
ANOTHER TRICKY DAY,The Who,1981,1
Run With The Pack,Bad Company,1976,11
Remedy,Seether,2005,1
Love Is Like Oxygen,Sweet,1978,1
Tenth Avenue Freeze-Out,Bruce Springsteen,1975,4
Higher Love,Steve Winwood,1986,6
Still of the Night,Whitesnake,1987,14
I Fought The Law,The Clash,1977,2
Bron-y-aur Stomp,Led Zeppelin,1970,2
Let's Spend the Night Together,Rolling Stones,1967,6
Uneasy Rider,Charlie Daniels Band,1973,2
Any Way You Want It,Journey,1980,105
Hymn 43,Jethro Tull,1971,1
When I See You Smile,Bad English,1989,1
From Me To You,The Beatles,1963,1
Vasoline,Stone Temple Pilots,1994,3
Call Me the Breeze,Lynyrd Skynyrd,1974,25
The Confessor,Joe Walsh,1985,7
What You Need,INXS,1985,28
YYZ,Rush,1981,2
She Loves You,The Beatles,1963,3
Copperhead Road,Steve Earle,1988,3
Lithium,Nirvana,1991,10
Something About You,Boston,1976,26
The Kids Aren't Alright,The Offspring,1998,1
The First Cut Is The Deepest,Rod Stewart,1976,24
THE SONG IS OVER,The Who,1971,1
I Can't Drive 55,Sammy Hagar,1984,40
Funk #49,James Gang,1970,18
Somebody to Love,Jefferson Airplane,1967,13
Roadhouse Blues,The Doors,1967,49
Don't Stop,Fleetwood Mac,1977,50
1984/jump,Van Halen,1984,3
Another Brick In The Wall,Pink Floyd,1979,29
Baby You're A Rich Man,The Beatles,1967,1
Jungleland,Bruce Springsteen,1975,2
Wheel in the Sky,Journey,1978,114
Pulling Mussels,Squeeze,1980,2
TALKING IN YOUR SLEEP,The Romantics,1983,5
Fortunate Son,Creedence Clearwater Revival,1970,33
Mama I'm Coming Home,Ozzy Osbourne,1991,31
This Beat Goes on/Switching to Glide,The Kings,1995,1
Red Red Wine,UB40,1983,2
Who Do You Love,George Thorogood,1978,37
SHE'S A WOMAN,The Beatles,1964,1
Roll Over Beethoven,The Beatles,1963,1
Little Guitars,Van Halen,1982,6
The Road and the Sky,Jackson Browne,1977,1
Treetop Flyer,Stephen Stills,1991,3
Smells Like Teen Spirit,Nirvana,1991,24
Eyes Of A Stranger,Queensryche,1988,18
Fire,Jimi Hendrix,1967,63
Live Wire,AC/DC,1975,2
Any Colour You Like,Pink Floyd,1973,2
Janie's Got A Gun,Aerosmith,1989,34
Bang Your Head,Quiet Riot,1983,6
Oh Very Young,Cat Stevens,1974,1
American Pie,Don McLean,1971,21
Ain't Even Done With the Night,John Mellencamp,1980,2
Free Fallin',Tom Petty & The Heartbreakers,1989,90
Like You Do,REO Speedwagon,1972,3
On The Turning Away,Pink Floyd,1987,15
Day Tripper,The Beatles,1965,2
Dirty Work,Steely Dan,1977,1
Flight Of Icarus,Iron Maiden,1983,1
Shinin' On,Grand Funk Railroad,1974,1
Bad Time,Grand Funk Railroad,1974,1
Hold Me,Fleetwood Mac,1982,1
A Girl Like You,The Smithereens,1989,1
Going to California,Led Zeppelin,1971,42
Wild Night,Van Morrison,1971,5
Golden Country,REO Speedwagon,1972,4
Don't Believe Her,Scorpions,1990,1
Jailbreak,AC/DC,1984,1
Middle Of The Road,The Pretenders,1984,33
One Of These Days,Pink Floyd,1971,12
New Year's Day,U2,1983,88
Psycho Killer,Talking Heads,1977,8
I Love the Night,Blue Oyster Cult,1977,2
Communication Breakdown,Led Zeppelin,1969,18
Ridin' the Storm Out,REO Speedwagon,1973,20
Stranglehold,Ted Nugent,1975,33
Semi-Charmed Life,Third Eye Blind,1997,1
Breaking The Law,Judas Priest,1980,7
Paranoid,Black Sabbath,1970,105
Sunspot Baby,Bob Seger,1976,5
Down By The Seaside,Led Zeppelin,1975,1
Dangerious Type,The Cars,1979,10
Royal Orleans,Led Zeppelin,1976,2
Racing in the Streets,Bruce Springsteen,1978,1
A Fool for Your Stockings,ZZ Top,1979,1
In the Dark,Billy Squier,1981,24
Turn On Your Love Light,Bob Seger,1972,1
Mr. Soul,Buffalo Springfield,1967,1
Green Onions,Booker T. and the MG's,1962,4
Pretending,Eric Clapton,1989,6
Hollywood Nights,Bob Seger,1978,43
Orange Crush,R.E.M.,1988,10
Astronomy Domine,Pink Floyd,1967,3
Dumb,Nirvana,1993,1
Voodoo Chile {slight Return},Stevie Ray Vaughan,1983,3
Fantasy Girl,.38 Special,1981,3
Rockin' Into the Night,.38 Special,1980,18
Flirtin' With Disaster,Molly Hatchet,1979,35
Subterranean Homesick Blues,Bob Dylan,1965,1
Who'll Stop the Rain,Creedence Clearwater Revival,1970,24
The Ocean,Led Zeppelin,1973,54
Locomotive Breath,Jethro Tull,1971,53
Say You Love Me,Fleetwood Mac,1975,9
Moondance,Van Morrison,1970,14
Landslide,Smashing Pumpkins,1994,4
Waiting For The Sun,The Doors,1970,17
Solid Rock,Dire Straits,1980,4
Good Lovin' Gone Bad,Bad Company,1975,10
Have You Ever Loved a Woman,Derek & The Dominos,1970,1
Eruption - You Really Got Me,Van Halen,1978,25
After Midnight,Eric Clapton,1970,16
Keep Pushin'  1977,REO Speedwagon,1977,1
Lay Your Hands On Me,Bon Jovi,1988,2
It's A Long Way To The Top,AC/DC,1975,39
Roxanne,The Police,1978,75
I Shot The Sheriff,Eric Clapton,1974,39
(I Can't Get No) Satisfaction,Rolling Stones,1965,60
Do Wah Diddy Diddy,Manfred Mann,1964,2
Separate Ways (Worlds Apart),Journey,1983,100
You Can't Always Get What You Want,Rolling Stones,1969,62
L.A. Woman,The Doors,1971,31
25 Or 6 To 4,Chicago,1970,14
Thorn In My Pride,The Black Crowes,1992,3
Still You Turn Me On,Emerson Lake & Palmer,1973,1
Remedy,The Black Crowes,1992,7
Light Up,Styx,1975,3
Hungry Heart,Bruce Springsteen,1980,7
Green Eyed Lady,Sugarloaf,1970,5
Apeman,The Kinks,1971,2
You Ain't Seen Nothin' Yet,Bachman-Turner Overdrive,1974,69
Get Together,The Youngbloods,2005,2
Ten Years Gone,Led Zeppelin,1975,5
Subdivisions,Rush,1982,26
You Belong to the City,Glenn Frey,1985,2
A Well Respected Man,The Kinks,1965,16
Take It to the Limit,Eagles,1975,39
Uncle John's Band,Grateful Dead,1969,9
Jesus Just Left Chicago,ZZ Top,1973,6
Road To Nowhere,Talking Heads,1985,18
Heard It On the X,ZZ Top,1975,2
It Keeps You Runnin',The Doobie Brothers,1976,1
Every Picture Tells A Story,Rod Stewart,1971,15
Take the Long Way Home,Supertramp,1979,46
Blackout,Scorpions,1982,4
Bungle In The Jungle,Jethro Tull,1974,19
Happy,Rolling Stones,1972,4
(Oh) Pretty Woman,Van Halen,1982,34
Expresso Love,Dire Straits,1980,10
Layla,Derek & The Dominos,1970,99
I Wanna Rock,Twisted Sister,1984,7
Helen Wheels,Paul McCartney & Wings,1973,4
Fortress Around Your Heart,Sting,1985,1
Cecilia,Simon & Garfunkel,1970,6
Soulshine,Gov't Mule,1999,3
Top Jimmy,Van Halen,1984,23
I Want You (She's So Heavy),The Beatles,1969,2
What If I Came Knocking,John Mellencamp,1993,1
Little Wing,Jimi Hendrix,1967,6
Some Like It Hot,The Power Station,1985,1
With A Little Help From My Friends,Joe Cocker,1968,9
A Hard Day's Night,The Beatles,1964,5
Hot Dog,Led Zeppelin,1979,4
All Apologies,Nirvana,1993,15
Another Park Another Sunday,The Doobie Brothers,1974,1
The Ripper,Judas Priest,1976,1
Teenage Lobotomy,The Ramones,1977,1
Cradle of Love,Billy Idol,1990,6
Sgt. Pepper's Lonely Hearts Club Band (Reprise),The Beatles,1967,3
Lady Madonna,The Beatles,1968,7
Empty Spaces,Pink Floyd,1979,8
Born Under A Bad Sign,Cream,1968,9
Miami 2017 (Seen The Lights Go Out On Broadway) (live 1,Billy Joel,1976,5
When the Music's Over,The Doors,1967,1
All the Young Dudes,Mott the Hoople,1972,12
Blue Morning Blue Day,Foreigner,1978,52
Eminence Front,The Who,1982,19
You Really Got Me,Van Halen,1978,70
Mama,Genesis,1983,17
Enter Sandman,Metallica,1991,34
CAN'T STOP ROCK'N'ROLL,AC/DC,2000,5
Snortin Whiskey,Pat Travers,1980,1
Sangre Por Sangre,HellYeah,2014,4
Me And Julio Down By The Schoolyard,Paul Simon,1972,6
Foxey Lady,Jimi Hendrix,1967,50
Illegal Smile,John Prine,1971,1
Check It Out,John Mellencamp,1987,1
Free Bird,Lynyrd Skynyrd,1973,75
What I Like About You,The Romantics,1980,29
5:15,The Who,1973,3
Comedown,Bush,1994,5
Friends Of Mine,Guess Who,1969,1
Have a Cigar,Pink Floyd,1975,41
Listen To Your Heart,Tom Petty & The Heartbreakers,1978,1
You Wreck Me,Tom Petty & The Heartbreakers,1994,41
Mainstreet,Bob Seger,1977,7
Runnin' with the Devil,Van Halen,1978,81
The Sky Is Crying,Stevie Ray Vaughan,1991,8
Almost Hear You Sigh,Rolling Stones,1989,1
Is This Love,Whitesnake,1987,7
In Memory Of Elizabeth Reed,Allman Brothers Band,1970,1
Soul Man,The Blues Brothers,1978,3
Fool for Your Loving,Whitesnake,1980,3
I Won't Back Down,Tom Petty & The Heartbreakers,1989,76
Just Like A Woman,Bob Dylan,1966,1
Killer Queen,Queen,1974,69
Thunderstruck,AC/DC,1990,34
Here Comes My Girl,Tom Petty & The Heartbreakers,1979,17
Perfect Strangers,Deep Purple,1984,2
Marakesh Express,Gold Star Ballroom Orchestra,1969,2
Sometimes A Fantasy,Billy Joel,1980,3
Entre Nous,Rush,1980,2
With Arms Wide Open,Creed,1999,1
Good Vibrations,The Beach Boys,1966,1
Tired Of Toein' The Line,Rocky Burnette,1980,1
Rainbow In the Dark,Dio,1983,22
Trampled Under Foot,Led Zeppelin,1975,35
Gimme All Your Lovin,ZZ Top,1983,86
Bullfrog Blues,Rory Gallagher,1972,1
TIME IN A BOTTLE,Jim Croce,1972,1
Heaven and Hell,Black Sabbath,1980,1
Houseparty,J. Geils Band,1993,1
Fooled Again (I Don't Like It),Tom Petty & The Heartbreakers,1976,1
In My Dreams,Dokken,1985,4
Join Together,The Who,1972,4
Rio,Duran Duran,1982,1
Something,The Beatles,1969,11
Alabama Getaway,Grateful Dead,1979,1
Looks That Kill,Motley Crue,1983,8
Jane,Jefferson Starship,1979,32
Breathe,Pink Floyd,1973,9
Magic Carpet Ride,Steppenwolf,1968,65
I Will Follow,U2,1980,4
Shooting Star,Bad Company,1975,62
Even It Up,Heart,1980,8
I Know I'm Losing You,Rod Stewart,1971,2
Just the Same Way,Journey,1979,4
Ride My See Saw,The Moody Blues,1968,1
Heaven's On Fire,Kiss,1984,2
Good Times Roll,The Cars,1978,88
Lady,Styx,1973,19
Time For Me To Fly,REO Speedwagon,1978,16
PLAY THAT FUNKY MUSIC,Wild Cherry,1976,4
Modern Love,David Bowie,1983,10
Karn Evil 9,Emerson Lake & Palmer,1973,11
ROCK AND ROLL MUSIC,The Beatles,1976,1
Jealous Again,The Black Crowes,1990,24
NOWHERE MAN,The Beatles,1965,1
Keep Yourself Alive,Queen,1973,4
Edge of Seventeen,Stevie Nicks,1981,78
Black Betty,Ram Jam,1977,57
Lords of Summer (First Pass Version),Metallica,2014,1
Get Out of Denver,Bob Seger,1974,1
Message of Love,The Pretenders,1981,1
Mista Bone,Great White,1989,1
Down in a Hole,Alice In Chains,1992,1
Aqualung,Jethro Tull,1971,21
My Best Friend's Girl,The Cars,1978,65
THESE EYES,Guess Who,1969,1
Loving You Sunday Morning,Scorpions,1979,1
Golden Slumbers,The Beatles,1969,5
Have You Ever Seen the Rain?,Creedence Clearwater Revival,1971,57
Thunder Island,Jay Ferguson,1978,3
For Your Life,Led Zeppelin,1976,1
Magical Mystery Tour,The Beatles,1967,6
Celebration Day,Led Zeppelin,1970,4
Young Lust,Pink Floyd,1979,59
Yellow Submarine,The Beatles,1966,4
Street Of Dreams,Rainbow,1983,5
Goin' up the Country,Canned Heat,1968,2
Truckin',Grateful Dead,1970,19
Bad to the Bone,George Thorogood,1982,63
Red Rain,Peter Gabriel,1986,8
Big Log,Robert Plant,1983,11
I'm the Only One,Melissa Etheridge,1993,1
Suffragette City,David Bowie,1972,18
No Matter What,Badfinger,1970,2
Spooky,Atlanta Rhythm Section,1979,1
Mean Street,Van Halen,1981,1
Come As You Are,Nirvana,1991,39
Long Long Way From Home,Foreigner,1977,34
Little Queen,Heart,1977,1
We Gotta Get You a Woman,Todd Rundgren,1970,1
I've Got a Rock 'N' Roll Heart,Eric Clapton,1983,3
Been Caught Stealing,Jane's Addiction,1990,3
Your Love,The Outfield,1985,21
Kickin' My Heart Around,The Black Crowes,1999,1
Call Me the Breeze,Eric Clapton,2014,3
Cry Me a River,Joe Cocker,1970,1
The Trees,Rush,1978,1
When I Come Around,Green Day,1994,14
Mrs. Robinson,The Lemonheads,1992,2
Shakin',Eddie Money,1982,56
Party On The Patio,ZZ Top,1981,14
Show Me the Way,Peter Frampton,1975,30
Superstition,Stevie Wonder,1973,12
Tonight Tonight (live),Genesis,1986,1
Reason to Believe,Rod Stewart,1971,5
You're My Best Friend,Queen,1976,57
Everybody Wants You,Billy Squier,1982,59
Friends,Led Zeppelin,1970,2
Basket Case,Green Day,1994,5
Margaritaville,Jimmy Buffett,1977,17
I Alone,Live,1994,3
The Rain Song,Led Zeppelin,1973,3
A Salty Dog,Procol Harum,1969,1
Crystal Ball,Styx,1976,4
In The Mood,Rush,1974,3
Simply Irresistible,Robert Palmer,1988,1
Fat Bottomed Girls,Queen,1978,70
No One to Run With,Allman Brothers Band,1994,3
CALIFORNIA DREAMIN',The Mamas ,1966,1
In a Big Country,Big Country,1983,2
Gold Dust Woman,Fleetwood Mac,1977,37
The Weight,The Band,1968,24
CAROL,Rolling Stones,1964,1
My Town,Michael Stanley,1983,1
Bye Bye Love,The Cars,1978,48
Rock 'N Me,Steve Miller Band,1976,102
I Hate Myself For Loving You,Joan Jett,1988,16
Saturday In the Park,Chicago,1972,2
IT WON'T BE LONG,The Beatles,1963,1
Love The One You'Re With,Steven Stills,1971,1
GONNA GET YA,Pete Townshend,1980,1
Heartbreaker/Living Loving Maid (She's Just A Woman),Led Zeppelin,1969,35
Red House,Jimi Hendrix,1967,4
Night Time,J. Geils Band,1980,1
Magic Man,Heart,1976,115
Right Place Wrong Time,Dr. John,1973,2
American Woman,Guess Who,1970,80
Immigrant Song,Ann Wilson,2007,2
Kryptonite,3 Doors Down,2000,13
Speak to Me/Breathe,Pink Floyd,1973,30
Tempted,Squeeze,1981,22
Carry On Wayward Son,Kansas,1976,134
Waiting on a Friend,Rolling Stones,1981,3
She's a Runner,Billy Squier,1982,1
Strike up the Band,Michael Stanley,1977,1
Paperback Writer,The Beatles,1966,5
Prelude/Angry Young Man,Billy Joel,1976,1
Dani California,Red Hot Chili Peppers,2006,3
Epic,Faith No More,1989,3
Have a Drink On Me,AC/DC,1980,39
18 And Life,Skid Row,1989,17
Lovin' Touchin' Squeezin',Journey,1979,60
Jesus Is Just Alright,The Doobie Brothers,1972,10
Roll With It,Steve Winwood,1988,1
Two Princes,Spin Doctors,1991,1
A Day In The Life,The Beatles,1967,31
Good Friday,The Black Crowes,1996,1
White Rabbit,Jefferson Airplane,1967,23
Yer So Bad,Tom Petty & The Heartbreakers,1990,1
Helplessly Hoping,Crosby Stills & Nash,1969,1
Magic Bus,The Who,1968,12
Sweet Dreams (Are Made of This),Eurythmics,1982,2
And It Stoned Me,Van Morrison,1970,1
In the Air Tonight,Phil Collins,1981,93
Somebody,Bryan Adams,1984,1
Moon Rider,Moxy,1975,1
Take Out The Gunman,Chevelle,2014,4
Axel F Theme,Harold Faltermeyer,1984,1
Blurry,Puddle of Mudd,2001,1
Hell Is for Children,Pat Benatar,1980,1
Lola,The Kinks,1970,40
People Are Strange,The Doors,1967,53
Rock and Roll,Led Zeppelin,1971,92
Today,Smashing Pumpkins,1993,2
Games Without Frontiers,Peter Gabriel,1980,3
Sledgehammer,Peter Gabriel,1986,36
Breaking the Girl,Red Hot Chili Peppers,1992,1
We Are the Champions,Queen,1977,15
Play the Game Tonight,Kansas,1982,1
She's Leaving Home,The Beatles,1967,1
(Sittin' On) The Dock of the Bay,Otis Redding,1968,5
Who Will You Run To,Heart,1987,2
No Time,Guess Who,1969,4
Top of the World,Van Halen,1991,5
What About Love?,Heart,1985,3
You Get Me High,Tom Petty & The Heartbreakers,2014,8
GIRL,The Beatles,1965,1
Hot for Teacher,Van Halen,1984,52
In My Time of Dying,Led Zeppelin,1975,2
Twist and Shout,The Beatles,1963,5
CHINA TOWN SHUFFLE ,Grateful Dead,1999,1
Back On My Feet Again,The Babys,1980,3
Wayside,Artful Dodger,1975,1
Walk This Way,Aerosmith,1975,106
Young Americans,David Bowie,1975,26
Cowboy,Kid Rock,1998,3
The House Is Rockin',Stevie Ray Vaughan,1989,17
Twentieth Century Fox,The Doors,1967,2
Heartache Tonight,Eagles,1979,30
Put Your Lights On (feat. Everlast),Santana,1999,2
Allentown,Billy Joel,1982,1
Born to Be Wild,Steppenwolf,1968,53
Whole Lotta Love,Led Zeppelin,1969,72
Victoria,The Kinks,1969,16
When I'm 64,The Beatles,1967,1
Sunny Afternoon,The Kinks,1966,1
Moving In Stereo,The Cars,1978,53
Hell in a Bucket,Grateful Dead,1987,1
Season of the Witch,Donovan,1966,1
Shot Down In Flames,AC/DC,1979,2
Happy Jack,The Who,1966,2
Dirty Deeds Done Dirt Cheap,AC/DC,1976,85
Fly Away,Lenny Kravitz,1998,10
Wait,White Lion,1987,1
I'm Alright,Kenny Loggins,1980,5
Don't Bring Me Down,Electric Light Orchestra,1979,85
The Last In Line,Dio,1984,18
More Than a Feeling,Boston,1976,134
Billion Dollar Babies,Alice Cooper,1973,2
Da Da Doo Ron Ron,Rolling Stones,1963,3
Roll Me Away,Bob Seger,1982,5
Cold Shot,Stevie Ray Vaughan,1984,14
Winning,Santana,1981,4
Alive,Pearl Jam,1991,16
Running On Empty,Jackson Browne,1977,39
Sharp Dressed Man,ZZ Top,1983,120
The Isle Of Debris,Stu Nunnery,1973,1
I Want to Know What Love Is,Foreigner,1984,4
Let It Bleed,Rolling Stones,1969,1
We Belong,Pat Benatar,1984,14
Cross-eyed Mary,Jethro Tull,1971,12
Havin' A Party,Southside Johnny,1977,1
My Love,Paul McCartney & Wings,1973,1
Load Out/Stay,Jackson Browne,1977,2
Paper in Fire,John Mellencamp,1987,1
The Crystal Ship,The Doors,1967,11
Sgt. Pepper/a Day In The Life,The Beatles,1967,3
Red Barchetta,Rush,1981,11
Taxman,Stevie Ray Vaughan,1995,1
In The City,Eagles,1979,44
Don't Come Around Here No More,Tom Petty & The Heartbreakers,1985,49
Sunshine Superman,Donovan,1966,1
Dog Eat Dog,Ted Nugent,1976,3
Since You're Gone,The Cars,1982,3
Smoke On The Water,Deep Purple,1972,43
Easy Livin',Uriah Heep,1972,4
Whammer Jammer,J. Geils Band,1971,2
Ain't Wastin' Time No More,Allman Brothers Band,1972,1
It Wasn't Me,George Thorogood,1978,6
Hoedown,Emerson Lake & Palmer,1972,1
Close My Eyes Forever,Lita Ford,1988,5
Bad Reputation,Joan Jett,1981,1
Way Cool Jr.,Ratt,1988,9
Jump,Van Halen,1984,72
Monkey Wrench,Foo Fighters,1997,3
UKIAH/THE CAPTAIN AND ME,The Doobie Brothers,1973,1
Don't Look Back,Boston,1978,86
OH DARLING,The Beatles,1969,6
Sister Christian,Night Ranger,1983,32
Substitute,The Who,1966,8
Things We Said Today,The Beatles,1964,2
Pride (In the Name of Love),U2,1984,60
